id,comment_id,video_id,commenter_name,commenter_id,comment_displayed,comment_original,likes,published_date,updated_date,total_replies,replyto
1263,UgzoIyG1WX_bImxebWR4AaABAg,IGlra8cuOd8,"gokugaming GT",UCs0DFmH80c4hNUn7ujVNq9g,"countries going to war are stupid!","countries going to war are stupid!",0,"2018-04-17 23:36:13","2018-04-17 23:36:13",0,null
1264,UgzJUU2J4DPMb_YgxyV4AaABAg,IGlra8cuOd8,"brian celticbrave",UCi5F3tiDWDts3kAdo7DO-DA,Deluded,Deluded,0,"2018-04-17 20:17:04","2018-04-17 20:17:04",0,null
1265,UgwdShNsDMj3jpQ7KsZ4AaABAg,IGlra8cuOd8,"Martin Leyva",UC2XN5T20CXXpT_YGkDhB7zQ,"This channel is a disinformation and propaganda weapon against the American people. 
  Its aim is to demoralize, reduce quality of life, incite fear, and create sympathizers and collaborators out of American citizens.","This channel is a disinformation and propaganda weapon against the American people. 
  Its aim is to demoralize, reduce quality of life, incite fear, and create sympathizers and collaborators out of American citizens.",0,"2018-04-17 18:37:45","2018-04-17 18:37:45",0,null
1266,Ugxav1aANgWAgUq1hAV4AaABAg,IGlra8cuOd8,"Keke Barana",UCOPlZUA6yHyDutE-BnqiYcQ,"wich one hide and duck?","wich one hide and duck?",0,"2018-04-17 17:18:26","2018-04-17 17:18:26",0,null
1267,UgzFBcaIYEdqIabU7yp4AaABAg,IGlra8cuOd8,"Rail rider",UC7H_9WQc1Iv1m6FLJMcZKPQ,"and were to stupid to build one, make or deflect threat.....LMAO!!!","and were to stupid to build one, make or deflect threat.....LMAO!!!",0,"2018-04-17 16:18:00","2018-04-17 16:18:00",0,null
1268,UgwC7NjPQrzbRocCNIN4AaABAg,IGlra8cuOd8,Руслан,UCMoWXAaKPl0th4sN7cDcyJw,"Why are all these comments complaining about Russian weapons? Hmmm butt hurt a bit? Anyway Russia does not need all that shit the us has why would it?? It doesn’t invade and attack mainly defenseless countries. As long an Russia has a weapon that makes the us shake with fear as it does with the Sarmat and other highly advanced nuclear weapons. That is all it needs.","Why are all these comments complaining about Russian weapons? Hmmm butt hurt a bit? Anyway Russia does not need all that shit the us has why would it?? It doesn’t invade and attack mainly defenseless countries. As long an Russia has a weapon that makes the us shake with fear as it does with the Sarmat and other highly advanced nuclear weapons. That is all it needs.",0,"2018-04-17 16:09:44","2018-04-17 16:09:44",0,null
1269,Ugzxaenj3JeGQ5qf7Bh4AaABAg,IGlra8cuOd8,"Tilakk Bhattarai",UCHXPoGJK2JCBcuCIP6-NN9w,"Russia is far better then usa technology.. 100% guarantee.","Russia is far better then usa technology.. 100% guarantee.",0,"2018-04-17 15:47:52","2018-04-17 15:47:52",0,null
1270,UgxycInjUJlcG2RVpCJ4AaABAg,IGlra8cuOd8,"Qs frankfurt",UCNdrMNteHX5Cby5mgV6H48A,"Welcome back Russia! Youve been sorely missed...","Welcome back Russia! Youve been sorely missed...",0,"2018-04-17 15:16:03","2018-04-17 15:16:03",0,null
1271,UgzZWNPOWpT5p36mPTx4AaABAg,IGlra8cuOd8,"eine riskanter profilname",UCGN7ySD4MjKZ4qXnUeCyGHA,"Russia is poor and its technology will be quickly obsolete.","Russia is poor and its technology will be quickly obsolete.",0,"2018-04-17 14:39:39","2018-04-17 14:39:39",0,null
1272,UgyHMHeVJZs3Vu0agZp4AaABAg,IGlra8cuOd8,"Mr C",UCkNXqn3aKCIx5tApeTOnDcQ,"Russia communists propaganda 
Fake news","Russia communists propaganda 
Fake news",0,"2018-04-17 12:54:19","2018-04-17 12:54:19",0,null
1273,UgyUqHWWS6lAI7_SnIF4AaABAg,IGlra8cuOd8,"Andrew Sakkas",UC1LDs6wYg9KiRv8Cn8vm5nQ,"I doubt it.","I doubt it.",0,"2018-04-17 11:20:00","2018-04-17 11:20:00",0,null
1274,UgweDT9voKyLR6g3ZtF4AaABAg,IGlra8cuOd8,"I Am",UCB0_2DzxiphlUj1vGkDLEAg,"Limited mind cannot see unlimited thing","Limited mind cannot see unlimited thing",0,"2018-04-17 11:09:26","2018-04-17 11:09:26",0,null
1275,Ugy1PLW5pgoZFJ2hYvZ4AaABAg,IGlra8cuOd8,"I Am",UCB0_2DzxiphlUj1vGkDLEAg,"Putin is a genius leader, he knows what he is doing.","Putin is a genius leader, he knows what he is doing.",1,"2018-04-17 11:07:39","2018-04-17 11:07:39",0,null
1276,UgxiAil98yXDdQX9I9N4AaABAg,IGlra8cuOd8,"Ronald Brumwell",UCFcoyQA-08-o-Rltwbf0Jnw,"Russia has ONE super weapon... Yer and the rest.","Russia has ONE super weapon... Yer and the rest.",0,"2018-04-17 10:20:43","2018-04-17 10:20:43",0,null
1277,UgzjtQNnEBg4WdOLr7h4AaABAg,IGlra8cuOd8,"Roze Bronson",UCc4iUZJeLK65ncJYocfNn4g,"Let all prey Mr Putin becomes the world leader and wipe out every single homosexual on the planet. We all love you Mr Putin. You are the BEST","Let all prey Mr Putin becomes the world leader and wipe out every single homosexual on the planet. We all love you Mr Putin. You are the BEST",1,"2018-04-17 09:42:40","2018-04-17 09:42:40",0,null
1278,UgzvY7ni7IO4GLltjEV4AaABAg,IGlra8cuOd8,"RKKH Hansen",UC4rK2pgX5TZnN-ZpnjtkEkg,"❤❤❤ RUSSIA HAVE THE LOVE
AND SEE THE LIGHT . . . ?
WANT TO LIVE IN HARMONY
STONGER THAN ANYTHING
 ❤ LOVE FROM DENMARK  ??","❤❤❤ RUSSIA HAVE THE LOVE
AND SEE THE LIGHT . . . ?
WANT TO LIVE IN HARMONY
STONGER THAN ANYTHING
 ❤ LOVE FROM DENMARK  ??",0,"2018-04-17 09:38:07","2018-04-17 09:38:07",0,null
1279,Ugx98QXG-8IV0yPj7Yt4AaABAg,IGlra8cuOd8,"CUTYE PIE",UCD1GzTM24_rBbK3MrYLFPLA,"God Bless Russia 
Russia and its allies such as North Korea and China and India and all Arab countries will wipe out every country that legalized homosexuality.
This is an order from God.
Please pass this same comment on","God Bless Russia 
Russia and its allies such as North Korea and China and India and all Arab countries will wipe out every country that legalized homosexuality.
This is an order from God.
Please pass this same comment on",0,"2018-04-17 09:33:12","2018-04-17 09:33:12",1,null
1280,Ugx98QXG-8IV0yPj7Yt4AaABAg.8f8AXqKAZAw8f8Awo6c5W9,IGlra8cuOd8,"CUTYE PIE",UCD1GzTM24_rBbK3MrYLFPLA,"All gay haters will not get hurt in this war. Only Homosexuals and homo supporters will suffer and die.
How perfect 
Thank you Mr Putin. We all love you and your high morals","All gay haters will not get hurt in this war. Only Homosexuals and homo supporters will suffer and die.
How perfect 
Thank you Mr Putin. We all love you and your high morals",0,"2018-04-17 09:36:45","2018-04-17 09:36:45",0,Ugx98QXG-8IV0yPj7Yt4AaABAg
1281,UgxqGzQyZYR7C4avlKd4AaABAg,IGlra8cuOd8,searcherT,UCz5K8bXHY58gMEFgKB7bLnA,"forget SCT attach plasma weaponry to us subs!","forget SCT attach plasma weaponry to us subs!",0,"2018-04-17 09:25:15","2018-04-17 09:25:15",0,null
1282,UgxI6n6U3yogysuz24B4AaABAg,IGlra8cuOd8,"Pixelated Viking",UC-yNlQk_IDoVpPYIKpsO_oA,"Vladimir Putin is that weapon","Vladimir Putin is that weapon",0,"2018-04-17 09:00:50","2018-04-17 09:00:50",0,null
1283,Ugwa0tJUbXmAARgCUkF4AaABAg,IGlra8cuOd8,"Ismail Barton",UCAnjFzW9b1PRJ5FqvcEynCQ,"Russian has no military power to match USA from budget to technology.","Russian has no military power to match USA from budget to technology.",1,"2018-04-17 08:12:03","2018-04-17 08:12:03",1,null
1284,Ugwa0tJUbXmAARgCUkF4AaABAg.8f81FUU1kqG8f8BJd7Hdy5,IGlra8cuOd8,"Roze Bronson",UCc4iUZJeLK65ncJYocfNn4g,"you are a dumb cunt
Russia is the most powerful","you are a dumb cunt
Russia is the most powerful",0,"2018-04-17 09:40:00","2018-04-17 09:40:00",0,Ugwa0tJUbXmAARgCUkF4AaABAg
1285,Ugx_d4jcu82MayZJ5Dp4AaABAg,IGlra8cuOd8,"Tony .w",UCwZGZeJTSlHCIcPFaXlMQrA,"the real weapon Russia has is truth honour and honesty...something the americans cannot copy.. try as they might","the real weapon Russia has is truth honour and honesty...something the americans cannot copy.. try as they might",0,"2018-04-17 07:55:27","2018-04-17 07:55:27",0,null
1286,UgyA69xUBSaBtetPE8J4AaABAg,IGlra8cuOd8,RAY,UCxAjdwpSOIuUqsT4rt2gcFg,"Russias super weapon is Putin. Fookin idiots","Russias super weapon is Putin. Fookin idiots",0,"2018-04-17 06:46:19","2018-04-17 06:46:19",0,null
1287,UgwXtRbCHwgDMGIJVBN4AaABAg,IGlra8cuOd8,"Bazzel Hunt",UCY6EI5_bWj2dMfFLSpNcCDQ,"Face it subs only good for nukes and putting all the pieces back together after the war","Face it subs only good for nukes and putting all the pieces back together after the war",0,"2018-04-17 06:42:59","2018-04-17 06:42:59",1,null
1288,UgwXtRbCHwgDMGIJVBN4AaABAg.8f7s34JuJCa8f7soWZp4-6,IGlra8cuOd8,"Bazzel Hunt",UCY6EI5_bWj2dMfFLSpNcCDQ,"With ten years power enough food for six months massive shifting of land mass radioactive waste lasting for hundreds off years not even a piece back just fears of mutiny","With ten years power enough food for six months massive shifting of land mass radioactive waste lasting for hundreds off years not even a piece back just fears of mutiny",0,"2018-04-17 06:49:35","2018-04-17 06:49:35",0,UgwXtRbCHwgDMGIJVBN4AaABAg
1289,UgwkNl-lGgtWTgAT50h4AaABAg,IGlra8cuOd8,"Bazzel Hunt",UCY6EI5_bWj2dMfFLSpNcCDQ,"One explosion in its path another to were it came from","One explosion in its path another to were it came from",0,"2018-04-17 06:39:58","2018-04-17 06:39:58",0,null
1290,UgzdOtoleffcLq4_2Lx4AaABAg,IGlra8cuOd8,"Nariman Safarov",UC8Gw9tf3pdrXvjpQ1Detz7w,"Crazy Yunks brought up on Hollywood movies, poor people pathetic, reality check is gonna hurt...","Crazy Yunks brought up on Hollywood movies, poor people pathetic, reality check is gonna hurt...",0,"2018-04-17 06:28:30","2018-04-17 06:28:30",0,null
1291,UgzZML26rO8Ja_X5pF54AaABAg,IGlra8cuOd8,"Darrell May",UCBbdGBKrS-xRSSH3sIvrlgw,"the USA has Lasers!,,,its not advertised!,,,","the USA has Lasers!,,,its not advertised!,,,",0,"2018-04-17 06:07:53","2018-04-17 06:07:53",0,null
1292,UgxuyEZLqXAWgcOFwSZ4AaABAg,IGlra8cuOd8,"Mark Pantoja",UCpv5wVRAhpojUID49a2Q0CQ,PENIS!!!,PENIS!!!,0,"2018-04-17 05:59:36","2018-04-17 05:59:36",0,null
1293,Ugx40eM2upQmZQdHgHx4AaABAg,IGlra8cuOd8,Polizei1945,UC9ip518jdbMYUkK-beacXXw,"Khayet Russia ?","Khayet Russia ?",0,"2018-04-17 05:19:13","2018-04-17 05:19:13",0,null
1294,UgxNYnMgcxkSqpNzLXR4AaABAg,IGlra8cuOd8,"Rob Lee",UCUDwS1dRrIpvU7bvbHrzfWw,"When it comes to war Or nuclear War no country is going to be above the other there is going to be no winners everyone Wall fall in the same place they all gather and When the Smoke Clears Counting I have full will seem like an eternity wake up people!! And heres one other thing A lot of people are not aware of no, president from any country is running the show here the only persons or entities that are running the show behind the scenes is the Deep dark evil state people need to wake up!!","When it comes to war Or nuclear War no country is going to be above the other there is going to be no winners everyone Wall fall in the same place they all gather and When the Smoke Clears Counting I have full will seem like an eternity wake up people!! And heres one other thing A lot of people are not aware of no, president from any country is running the show here the only persons or entities that are running the show behind the scenes is the Deep dark evil state people need to wake up!!",2,"2018-04-17 05:16:29","2018-04-17 05:23:49",0,null
1295,UgzYNi3wW3eiSkYhYcN4AaABAg,IGlra8cuOd8,"Dolfin Love",UChsQaD_nwNHW3GOw3qEVFzg,"Wipeout, evil america...","Wipeout, evil america...",1,"2018-04-17 05:04:42","2018-04-17 05:04:42",0,null
1296,UgxERLWLGktF_qVNYRl4AaABAg,IGlra8cuOd8,"evil Duck",UCjr3MPJY6C6tbfjfFLIFQ7A,"Thats all Russia has  PROTOTYPES....but nothing ever comes never into production. thanks to widespread corruption....NO T14 Armata,  No  Kurganets -25 IFV , No Soechoj-57,   only some prototypes.
When they try to startup production.  half the money gets stolen by politicians, public servants and gangsters...
So with exception of blowing up the whole world.  Russia cant do shit about nothing.....","Thats all Russia has  PROTOTYPES....but nothing ever comes never into production. thanks to widespread corruption....NO T14 Armata,  No  Kurganets -25 IFV , No Soechoj-57,   only some prototypes.
When they try to startup production.  half the money gets stolen by politicians, public servants and gangsters...
So with exception of blowing up the whole world.  Russia cant do shit about nothing.....",0,"2018-04-17 04:59:00","2018-04-17 04:59:00",0,null
1297,Ugy9rE56eOamEdkPCg54AaABAg,IGlra8cuOd8,ratrodramblin,UC-ZpIrlaLykfkpeli1k1pdw,"Whats up with all the lame commercials... No one cares","Whats up with all the lame commercials... No one cares",0,"2018-04-17 04:14:49","2018-04-17 04:14:49",0,null
1298,UgzWuhxC_xNbr3GyAYh4AaABAg,IGlra8cuOd8,"Anon ymous",UCiuZgsOf0kBwcnEYEgtiXoA,"F A K E  N E W S","F A K E  N E W S",1,"2018-04-17 04:02:09","2018-04-17 04:02:09",0,null
1299,Ugw871K9HnCtR3UzKWl4AaABAg,IGlra8cuOd8,EVILSTRIKES,UC-2i-nUfVVjaQinq-ybZE8A,"NOTHING will save you RED  DEVILS, WW3 inevitable ITS WRITTEN ALREADY MURICA UK JUDMENT DAY, JUSTICE. ONLY HE KNOWS WHEN LAST DAYS 1HR","NOTHING will save you RED  DEVILS, WW3 inevitable ITS WRITTEN ALREADY MURICA UK JUDMENT DAY, JUSTICE. ONLY HE KNOWS WHEN LAST DAYS 1HR",0,"2018-04-17 03:28:55","2018-04-17 03:28:55",0,null
1300,UgwGREiqVJYEvcQNFkt4AaABAg,IGlra8cuOd8,"Jeff Mcglone",UCfzNjQohOzX4Lzru_oD5gjg,"Big deal!! We(United states) will crush russia!!","Big deal!! We(United states) will crush russia!!",0,"2018-04-17 03:16:42","2018-04-17 03:16:42",0,null
1301,Ugxc3fpskvAGCmFn56B4AaABAg,IGlra8cuOd8,"Rakanishu Tsuyoshi",UCzuqIEoV_b-A9XJ3LjgGN8g,"Never trust ai voices","Never trust ai voices",0,"2018-04-17 03:08:27","2018-04-17 03:08:27",0,null
1302,UgyRx-8cZd7_H7qY5KF4AaABAg,IGlra8cuOd8,"Charlotte Cannon",UCndik-oIjmuUyT8hkdXvdSA,"Wrong.  Russia has no subs.  The U.S. has brand new Super Subs that are incredible new technology.   Wondering why this video is being twisted.","Wrong.  Russia has no subs.  The U.S. has brand new Super Subs that are incredible new technology.   Wondering why this video is being twisted.",0,"2018-04-17 03:06:45","2018-04-17 03:06:45",1,null
1303,UgyRx-8cZd7_H7qY5KF4AaABAg.8f7UJPFpsca8f7keoBSdGj,IGlra8cuOd8,Polizei1945,UC9ip518jdbMYUkK-beacXXw,"Charlotte Cannon sorry love Russia has submarines. Russia is to smart for USA. Look at their trucks, wheel loaders that drives through rivers. If it was a USA truck its gone. Russia makes the best stuff ever","Charlotte Cannon sorry love Russia has submarines. Russia is to smart for USA. Look at their trucks, wheel loaders that drives through rivers. If it was a USA truck its gone. Russia makes the best stuff ever",0,"2018-04-17 05:38:21","2018-04-17 05:38:21",0,UgyRx-8cZd7_H7qY5KF4AaABAg
1304,UgxTtKYCTSjKHOMY2D14AaABAg,IGlra8cuOd8,"D vyce",UCxT_3s8YgpvB-umU2FLWuYA,"In your dreams. ?????? Russia is decades behind the USA in arms n tech.","In your dreams. ?????? Russia is decades behind the USA in arms n tech.",1,"2018-04-17 02:27:29","2018-04-17 02:27:29",0,null
1305,UgxuTCGNAP1VnSFNsrZ4AaABAg,IGlra8cuOd8,"ALBER PAJARES",UCBZkkyJ7nbShP4uXPV7J6xA,"¡ would keep caution, america is far dangerous than looks like, and its expert making allies join the cause,..","¡ would keep caution, america is far dangerous than looks like, and its expert making allies join the cause,..",0,"2018-04-17 02:05:43","2018-04-17 02:05:43",3,null
1306,UgxuTCGNAP1VnSFNsrZ4AaABAg.8f7NKIV97ku8f7Oa6_FIxs,IGlra8cuOd8,"ALBER PAJARES",UCBZkkyJ7nbShP4uXPV7J6xA,"by the way, ¡ll be keeping praying for peace.,.","by the way, ¡ll be keeping praying for peace.,.",0,"2018-04-17 02:16:44","2018-04-17 02:16:44",0,UgxuTCGNAP1VnSFNsrZ4AaABAg
1307,UgxuTCGNAP1VnSFNsrZ4AaABAg.8f7NKIV97ku8f7NvEqLvK_,IGlra8cuOd8,"ALBER PAJARES",UCBZkkyJ7nbShP4uXPV7J6xA,"¡m not really sure what america has been doing all this years while ¡m distracted, but dont trust¡¡¡","¡m not really sure what america has been doing all this years while ¡m distracted, but dont trust¡¡¡",0,"2018-04-17 02:10:53","2018-04-17 02:10:53",0,UgxuTCGNAP1VnSFNsrZ4AaABAg
1308,UgxuTCGNAP1VnSFNsrZ4AaABAg.8f7NKIV97ku8f7NYcwAquR,IGlra8cuOd8,"ALBER PAJARES",UCBZkkyJ7nbShP4uXPV7J6xA,"and now its not libia invasion, that we all can boo, would be a cataclysm¡¡¡","and now its not libia invasion, that we all can boo, would be a cataclysm¡¡¡",0,"2018-04-17 02:07:40","2018-04-17 02:07:40",0,UgxuTCGNAP1VnSFNsrZ4AaABAg
1309,UgybEllw5OL1teaXqtJ4AaABAg,IGlra8cuOd8,PietroBeretta92fs,UCupzuBv44mnM0wm00cNzJ2g,"Heres a fact:
Both countries can not defend from each other... 
Neither of them could stop a large scale attack of the other. 
They can only react with counter-attacks and blow each other up.
The reason of this is because they both can launch way more attack missiles than they could launch defence interseptors.
If this ever happens, we all lose.","Heres a fact:
Both countries can not defend from each other... 
Neither of them could stop a large scale attack of the other. 
They can only react with counter-attacks and blow each other up.
The reason of this is because they both can launch way more attack missiles than they could launch defence interseptors.
If this ever happens, we all lose.",1,"2018-04-17 02:05:17","2018-04-17 02:06:35",0,null
1310,UgwPONYh6AAz1-OjlxF4AaABAg,IGlra8cuOd8,"Jeremy Frazier",UCImallt8a8Q8sOqh4kgBCRg,"I hope they do..blow the left out the water","I hope they do..blow the left out the water",0,"2018-04-17 01:51:01","2018-04-17 01:51:01",0,null
1311,Ugy_2wMx_EhuiiEuNeN4AaABAg,IGlra8cuOd8,"Jhon FCKN Rambo",UCF30IF6lUAzkJWwBetAz5dQ,"America has one super weapon... Its ME!!!!!! So sit your ass down!","America has one super weapon... Its ME!!!!!! So sit your ass down!",0,"2018-04-17 01:34:00","2018-04-17 01:34:00",0,null
1312,UgxxjJapnRUT2lcu3uJ4AaABAg,IGlra8cuOd8,"Dante Salazar",UCCfGZ0cTsyYqO-UHzV5iWlw,"russian propaganda lie video is excellent america cant match","russian propaganda lie video is excellent america cant match",0,"2018-04-17 01:30:16","2018-04-17 01:30:16",0,null
1313,UgzVbz5cIe8WBABCN454AaABAg,IGlra8cuOd8,"GCTFilter snake",UCP1uU0Dj-2JgOZWB9BF-NBQ,"I hope Russia does go to war and kicks Americas ass... Then, let them keep their freedom, just kick their assets to bring those self righteous pigs down a level and away from their assets because my God... Even on the break of war they still act like theyre untouchable","I hope Russia does go to war and kicks Americas ass... Then, let them keep their freedom, just kick their assets to bring those self righteous pigs down a level and away from their assets because my God... Even on the break of war they still act like theyre untouchable",4,"2018-04-17 01:23:57","2018-04-17 01:23:57",4,null
1314,UgzVbz5cIe8WBABCN454AaABAg.8f7IYQAHmpi8f99bDpJNj_,IGlra8cuOd8,"Martin Leyva",UC2XN5T20CXXpT_YGkDhB7zQ,"The United States of America  would kick Russian butt,  and will probably kick yours also pretty soon.","The United States of America  would kick Russian butt,  and will probably kick yours also pretty soon.",0,"2018-04-17 18:44:18","2018-04-17 18:44:18",0,UgzVbz5cIe8WBABCN454AaABAg
1315,UgzVbz5cIe8WBABCN454AaABAg.8f7IYQAHmpi8f90TdtsAgG,IGlra8cuOd8,"Laks Hest",UCVwh_qn22PTyJwyjc6yoYTw,"Rofl.... What a silly little cunt you are... xD","Rofl.... What a silly little cunt you are... xD",0,"2018-04-17 17:24:29","2018-04-17 17:24:29",0,UgzVbz5cIe8WBABCN454AaABAg
1316,UgzVbz5cIe8WBABCN454AaABAg.8f7IYQAHmpi8f7jxQKsWOZ,IGlra8cuOd8,Polizei1945,UC9ip518jdbMYUkK-beacXXw,"GCTFilter snake dont worry America will collapse. God mentions about that. Russia will use EMP to disable America the power and anything that is electronic. They will live in total darkness. Praise be to Jesus","GCTFilter snake dont worry America will collapse. God mentions about that. Russia will use EMP to disable America the power and anything that is electronic. They will live in total darkness. Praise be to Jesus",1,"2018-04-17 05:32:10","2018-04-17 05:32:10",0,UgzVbz5cIe8WBABCN454AaABAg
1317,UgzVbz5cIe8WBABCN454AaABAg.8f7IYQAHmpi8f7jghC5ZCn,IGlra8cuOd8,Polizei1945,UC9ip518jdbMYUkK-beacXXw,"mark L negative. You just made God a liar. God said this gonna happen and for America the superpower will collapse. The Bible mentions Russia, North Korea, China and Iran, Syria will be at war","mark L negative. You just made God a liar. God said this gonna happen and for America the superpower will collapse. The Bible mentions Russia, North Korea, China and Iran, Syria will be at war",1,"2018-04-17 05:29:53","2018-04-17 05:29:53",0,UgzVbz5cIe8WBABCN454AaABAg
1318,UgxmZy8j-9Uine9RA_d4AaABAg,IGlra8cuOd8,"Jared Farley",UCtWUOsPmzuXKNgO3D1rHhaw,"Russia has always admitted that they fear and know they can not handle the B-52 bombers. This has been known for years. Now this dumb video is trying to get people believe there fake news.","Russia has always admitted that they fear and know they can not handle the B-52 bombers. This has been known for years. Now this dumb video is trying to get people believe there fake news.",1,"2018-04-17 01:22:45","2018-04-17 01:22:45",0,null
1319,Ugwzofb4Fuwx3acTKi94AaABAg,IGlra8cuOd8,"musitafa Uganda",UCxdV4qvUfom9LlDmR21sndA,"team Russia","team Russia",0,"2018-04-17 01:06:46","2018-04-17 01:06:46",1,null
1320,Ugwzofb4Fuwx3acTKi94AaABAg.8f7G_a8n9xU8f7kGItAS-j,IGlra8cuOd8,Polizei1945,UC9ip518jdbMYUkK-beacXXw,"musitafa Uganda team orthodox Russia.","musitafa Uganda team orthodox Russia.",0,"2018-04-17 05:34:53","2018-04-17 05:34:53",0,Ugwzofb4Fuwx3acTKi94AaABAg
1321,UgzlvWHR31OIk_iBsT94AaABAg,IGlra8cuOd8,"nuklaing lao",UC7wbPR9E-Oog3X6QvEGNdcg,"Why do they make up things and hype things up. Wtf make of this dumbass propaganda?","Why do they make up things and hype things up. Wtf make of this dumbass propaganda?",1,"2018-04-17 01:01:42","2018-04-17 01:01:42",0,null
1322,Ugxlk4rALPbxv8Uuo_p4AaABAg,IGlra8cuOd8,"shiraj islam",UCG3zNjvbVXG1sOvGNla6D9A,"Mate your2good at counting pennies , with 2 many adverts. Otherwise, its a good doc","Mate your2good at counting pennies , with 2 many adverts. Otherwise, its a good doc",0,"2018-04-17 00:48:50","2018-04-17 00:48:50",0,null
1323,UgxwQHsGiDVvDb3D1I14AaABAg,IGlra8cuOd8,"Brian Melvin",UCLNUaUE29CNbwdoksEc1LHg,"But the USA has 1 thing NO country can match. AMERICAN RESOLVE.","But the USA has 1 thing NO country can match. AMERICAN RESOLVE.",0,"2018-04-17 00:45:44","2018-04-17 00:45:44",0,null
1324,UgyY8-M7h9gerxQwmzl4AaABAg,IGlra8cuOd8,"o Pandaa",UCJui84oIHtL891FCHajz3SA,"Delete your fucking channel please before it becomes fake news","Delete your fucking channel please before it becomes fake news",0,"2018-04-17 00:43:42","2018-04-17 00:43:42",0,null
1325,UgzgG4Cm3wBHkqdQSFh4AaABAg,IGlra8cuOd8,"Richard Frye",UCtq17vs4Ad7DwrOJ4zkaisg,"FUCK RUSSIA (WE ARE THE UNITED STATES) WE DONT COME IN 2ND PLACE .","FUCK RUSSIA (WE ARE THE UNITED STATES) WE DONT COME IN 2ND PLACE .",0,"2018-04-17 00:39:50","2018-04-17 00:39:50",0,null
1326,UgxE0LMo9zOwe6JqAw14AaABAg,IGlra8cuOd8,"Corrie Bryan",UCJA2OcEOG2BO6YdtcrBn5rg,"The Russian Torpedo cant make turns.  Ok if you have a straight shot","The Russian Torpedo cant make turns.  Ok if you have a straight shot",0,"2018-04-17 00:35:49","2018-04-17 00:35:49",0,null
1327,UgyoKUOaridhevasVHx4AaABAg,IGlra8cuOd8,"vasa ljohki",UCu_1WvZpwNgw6HtIfznVsBQ,"zivela rusija ziveo putin covek mira u svetu","zivela rusija ziveo putin covek mira u svetu",0,"2018-04-17 00:33:33","2018-04-17 00:33:33",0,null
1328,UgycQ-tXx8HyQLIZBoF4AaABAg,IGlra8cuOd8,"Juan Serrano",UCr-I9bh0W7GRvaZQaotJIpg,"yes they are white, because they didnt bring slaves from Africa like  other like the excrupalas  United States you dont get any whiter.","yes they are white, because they didnt bring slaves from Africa like  other like the excrupalas  United States you dont get any whiter.",0,"2018-04-17 00:26:32","2018-04-17 00:26:32",0,null
1329,Ugw3dVqsdlNs777bcz54AaABAg,IGlra8cuOd8,"Ancient Keyboard Warrior",UCvwQ0my-e--DCa3IEQHycBg,"The worlds greatest countries flexing on eachother lmao","The worlds greatest countries flexing on eachother lmao",0,"2018-04-17 00:19:20","2018-04-17 00:19:20",0,null
1330,Ugy00y97vNXQbBT7Lax4AaABAg,IGlra8cuOd8,"Rey Azucena",UC0gfHkCY1vEeHdWIDQF259g,"I DONT BELIEVED ON THAT ISSUES, HAT IS A FAKE NEWS, RUSSIA IS THE ONLY & ALWAYS TO MATCH THE NEW ARMAMENT USA HAVE. WH IT COMES TO TECHNOLOGY RUSSIA CAN MATCH THE USA BUT WHEN IT COMES TO PRODUCTION RUSSIA IS WAY WAY BEHIND WITH USA, IT IS BECAUSE OF THE MILITARY SPENDING RUSSIA IS 12 TIMES BEHIND WITH USA SO, HOW CAN RUSSIA OVERTAKE THE TECHNOLOGY OF USA IF RUSSIA IS LACK OF FUND IN REBUILDING THEIR SUPHISTICATED ARMAMENT THE ONLY ARMAMENT RUSSIA CAN PRODUCED WHICH IS CHEAPER ADAPTED TO THEIR ARMAMENT PRODUCTION ARE THE MSSILES UT, WHEN IT COMES TO AIRPLANE ,RUSSIA HAS A LONG WAY TO PRODUCED THE NUMBERS OF AIRFORCE COMPARE TO USA THAT IS A FACT...THERE ARE SOME MANY WAYS TO COUNTER THE MISSILES OF RUSSIA LIKE THEIR S-300 , S-400 ,& THEIR S-500 ,  IF THESE MISSILES WILL NEUTRALIZED BY THE USA & ALLIED COUNTRIES OF THE WORLD ,RUSSIA & CHINA EVEN THEY COMBINED WITH EACH OTHER THEY HAVE NO CHANCE TO WIN THE WORLD WAR III , CHINA HAS NO EXPERIENCES IN WORLD WAR RHEY ARW ONLY GOOD IN PARADE OF THEIR MADE IN CHINA ARMAMENTS & THE VERY VERY EXCELENT IN MARCHING FORMATION THAT S THEIR MASTERPIECE  MARCHING FORMATION  ,AM I RIGHT...","I DONT BELIEVED ON THAT ISSUES, HAT IS A FAKE NEWS, RUSSIA IS THE ONLY & ALWAYS TO MATCH THE NEW ARMAMENT USA HAVE. WH IT COMES TO TECHNOLOGY RUSSIA CAN MATCH THE USA BUT WHEN IT COMES TO PRODUCTION RUSSIA IS WAY WAY BEHIND WITH USA, IT IS BECAUSE OF THE MILITARY SPENDING RUSSIA IS 12 TIMES BEHIND WITH USA SO, HOW CAN RUSSIA OVERTAKE THE TECHNOLOGY OF USA IF RUSSIA IS LACK OF FUND IN REBUILDING THEIR SUPHISTICATED ARMAMENT THE ONLY ARMAMENT RUSSIA CAN PRODUCED WHICH IS CHEAPER ADAPTED TO THEIR ARMAMENT PRODUCTION ARE THE MSSILES UT, WHEN IT COMES TO AIRPLANE ,RUSSIA HAS A LONG WAY TO PRODUCED THE NUMBERS OF AIRFORCE COMPARE TO USA THAT IS A FACT...THERE ARE SOME MANY WAYS TO COUNTER THE MISSILES OF RUSSIA LIKE THEIR S-300 , S-400 ,& THEIR S-500 ,  IF THESE MISSILES WILL NEUTRALIZED BY THE USA & ALLIED COUNTRIES OF THE WORLD ,RUSSIA & CHINA EVEN THEY COMBINED WITH EACH OTHER THEY HAVE NO CHANCE TO WIN THE WORLD WAR III , CHINA HAS NO EXPERIENCES IN WORLD WAR RHEY ARW ONLY GOOD IN PARADE OF THEIR MADE IN CHINA ARMAMENTS & THE VERY VERY EXCELENT IN MARCHING FORMATION THAT S THEIR MASTERPIECE  MARCHING FORMATION  ,AM I RIGHT...",0,"2018-04-17 00:18:54","2018-04-17 00:18:54",0,null
1331,UgwElmH5_V4tMMydPiJ4AaABAg,IGlra8cuOd8,"Mikhail Slye",UCUkt1yHEFE1LzYMTFn4E0lQ,"This is some Russian propaganda","This is some Russian propaganda",1,"2018-04-17 00:17:47","2018-04-17 00:17:47",0,null
1332,UgyEtejTc7kQCyvdU4F4AaABAg,IGlra8cuOd8,"Ancient Keyboard Warrior",UCvwQ0my-e--DCa3IEQHycBg,"One on one. The states all day. Russia with china, syria, and Iran. That might be a problem","One on one. The states all day. Russia with china, syria, and Iran. That might be a problem",0,"2018-04-17 00:17:00","2018-04-17 00:17:00",1,null
1333,UgyEtejTc7kQCyvdU4F4AaABAg.8f7At2uZ7eL8f7lIVAkE_5,IGlra8cuOd8,Polizei1945,UC9ip518jdbMYUkK-beacXXw,"Ancient Keyboard Warrior even North Korea as well. Hezbollah is with Russia too. USA has Saudi Arabia","Ancient Keyboard Warrior even North Korea as well. Hezbollah is with Russia too. USA has Saudi Arabia",0,"2018-04-17 05:43:55","2018-04-17 05:43:55",0,UgyEtejTc7kQCyvdU4F4AaABAg
1334,Ugxh34tl2JKc3LwibD94AaABAg,IGlra8cuOd8,"balam thapa",UCLz3Euh1_PWVqhh-UOlEG4g,"Very good Russia","Very good Russia",0,"2018-04-17 00:14:57","2018-04-17 00:14:57",0,null
1335,UgwsRE9f2G96kJVgFJ54AaABAg,IGlra8cuOd8,"Daniel Carrasco",UCVrBjy4YQgSZfdc4FnBhEOQ,"Trump did tell secrets to Russia of our security.","Trump did tell secrets to Russia of our security.",0,"2018-04-17 00:13:30","2018-04-17 00:13:30",0,null
1336,UgzVcaUzlw8meI4K_oh4AaABAg,IGlra8cuOd8,"Kaliman Kaliman",UCT36QENOZ2a4aMXVbm0BNzQ,"You fools....! America will not knee to any country only to a fellow soldier or allies...they are just as powerful then any nation....!Only stupid humans will dare...!!","You fools....! America will not knee to any country only to a fellow soldier or allies...they are just as powerful then any nation....!Only stupid humans will dare...!!",0,"2018-04-17 00:01:43","2018-04-17 00:01:43",2,null
1337,UgzVcaUzlw8meI4K_oh4AaABAg.8f798Ag3v1e8f7l5nOBvVZ,IGlra8cuOd8,Polizei1945,UC9ip518jdbMYUkK-beacXXw,"Kaliman Kaliman wow you just called God a liar. God said America will be finished","Kaliman Kaliman wow you just called God a liar. God said America will be finished",0,"2018-04-17 05:42:11","2018-04-17 05:42:11",0,UgzVcaUzlw8meI4K_oh4AaABAg
1338,UgzVcaUzlw8meI4K_oh4AaABAg.8f798Ag3v1e8f7MRPs624N,IGlra8cuOd8,"Ashec BTB",UClKS1y1iicfP-jKIEi98qNA,"Kaliman Kaliman .... That is what the Roman Empire used to say!","Kaliman Kaliman .... That is what the Roman Empire used to say!",0,"2018-04-17 01:57:56","2018-04-17 01:57:56",0,UgzVcaUzlw8meI4K_oh4AaABAg
1339,UgxB_FnYUJ4eP7Ffut54AaABAg,IGlra8cuOd8,"Tommy Timmy",UCYKa4YF1sf6pNMni6D_7RQw,"Sorry I just cant help but laugh at this crap seriously people youre listening to a computer enhanced voice secondly of all its been programmed for Christ sakes people believe in your own intelligence if you have any at all","Sorry I just cant help but laugh at this crap seriously people youre listening to a computer enhanced voice secondly of all its been programmed for Christ sakes people believe in your own intelligence if you have any at all",0,"2018-04-16 23:53:24","2018-04-16 23:53:24",0,null
1340,Ugwka8BnBF8g_XRJ2J94AaABAg,IGlra8cuOd8,"Don Gray",UCLlfAcK_iVE4psoZofkGCAQ,"Lies the only thing which might take the World by storm would be if Vladimir Putin would quit making the stupid cartoon weapon videos, listen I am in the market for employment I have this rather ingenious idea I have dreamed up a cartoon wearing Russia will be able to display yet another weapon I call it the farting Pig the farting pig is an ingenious weapon Its a pig that you mount on the dashboard of a Volkswagen and when you approach the enemy all you do is smack it in the snout the pig farts and youll have one of your soldiers ignited with a Bic lighter hence the farting Pig go ahead tell Putin he can use it and hes welcome no problem he can hook me up later its only going to cost him 20 bucks so I can go buy some more liquid crack for my pipe you f****** clowns stop lying Vladimir Putin cant afford toilet paper to wipe his ass on he doesnt got any weapons he probably doesnt even got a good pistol let alone what do you call it iron or whatever it is a lie.","Lies the only thing which might take the World by storm would be if Vladimir Putin would quit making the stupid cartoon weapon videos, listen I am in the market for employment I have this rather ingenious idea I have dreamed up a cartoon wearing Russia will be able to display yet another weapon I call it the farting Pig the farting pig is an ingenious weapon Its a pig that you mount on the dashboard of a Volkswagen and when you approach the enemy all you do is smack it in the snout the pig farts and youll have one of your soldiers ignited with a Bic lighter hence the farting Pig go ahead tell Putin he can use it and hes welcome no problem he can hook me up later its only going to cost him 20 bucks so I can go buy some more liquid crack for my pipe you f****** clowns stop lying Vladimir Putin cant afford toilet paper to wipe his ass on he doesnt got any weapons he probably doesnt even got a good pistol let alone what do you call it iron or whatever it is a lie.",0,"2018-04-16 23:43:18","2018-04-16 23:47:20",1,null
1341,Ugwka8BnBF8g_XRJ2J94AaABAg.8f771CNXH_D8f7kA87fT8_,IGlra8cuOd8,Polizei1945,UC9ip518jdbMYUkK-beacXXw,"Don Gray wait I thought it was USA with their cartoons and Power Rangers. Russia means business. Ive met Russians and those people are serious about targeting USA","Don Gray wait I thought it was USA with their cartoons and Power Rangers. Russia means business. Ive met Russians and those people are serious about targeting USA",0,"2018-04-17 05:34:02","2018-04-17 05:34:02",0,Ugwka8BnBF8g_XRJ2J94AaABAg
1342,UgxOhnxfJi0NdTJ5wWN4AaABAg,IGlra8cuOd8,"Wallace Hughes",UC0AGbJvzV-mHWSXOQ7-37KA,"Russia is using Putins dildo for a torpedo. kiss my American ass. ??","Russia is using Putins dildo for a torpedo. kiss my American ass. ??",1,"2018-04-16 23:33:33","2018-04-16 23:33:33",0,null
1343,UgxAiwMXxmLYWkz4eK94AaABAg,IGlra8cuOd8,"Antulio Rodriguez",UCsSjekHu_vErXO5PoflMAng,"Another big nothing. If ever God forbid a war USA vs Russian federation, one will cease to exist and that will be Russia, and they know it they can heat the US hard but they will not destroy us.","Another big nothing. If ever God forbid a war USA vs Russian federation, one will cease to exist and that will be Russia, and they know it they can heat the US hard but they will not destroy us.",1,"2018-04-16 23:33:14","2018-04-16 23:33:14",1,null
1344,UgxAiwMXxmLYWkz4eK94AaABAg.8f75sYYPMTa8f7kNSw2cVt,IGlra8cuOd8,Polizei1945,UC9ip518jdbMYUkK-beacXXw,"Antulio Rodriguez they will destroy USA. Thats the Bible prophecy.","Antulio Rodriguez they will destroy USA. Thats the Bible prophecy.",0,"2018-04-17 05:35:51","2018-04-17 05:35:51",0,UgxAiwMXxmLYWkz4eK94AaABAg
1345,Ugy2cXQjT8gtYi4uQTJ4AaABAg,IGlra8cuOd8,ssmusic214,UCstChXMmKKWqkI6UO7MMOtw,"BULLSHIT as usual!
Shkval was designed 1960s
Deployed in 1870s.
US studied it in 1980s.
Decided that its useless (short range, no self-guidance, easy detection....)","BULLSHIT as usual!
Shkval was designed 1960s
Deployed in 1870s.
US studied it in 1980s.
Decided that its useless (short range, no self-guidance, easy detection....)",0,"2018-04-16 23:26:19","2018-04-16 23:26:37",0,null
1346,Ugy_46fxoKvLYMNHBfp4AaABAg,IGlra8cuOd8,"Bob Kerbs",UC92waoc2CxNlHphbv5XS4eg,"The US spends more than ten times as much money every year on defense than Russia. We spend more than the next 9 highest defense spending countries, all put together. If you do the math, nobody is going to attack us. They want to make money, not war. Propaganda is turning YouTubers brains into mush.","The US spends more than ten times as much money every year on defense than Russia. We spend more than the next 9 highest defense spending countries, all put together. If you do the math, nobody is going to attack us. They want to make money, not war. Propaganda is turning YouTubers brains into mush.",1,"2018-04-16 23:24:16","2018-04-16 23:24:16",0,null
1347,UgwgMB8O5rPMmPfr3Vx4AaABAg,IGlra8cuOd8,"karl miles",UCiabj8efJLIn5cvsN-G2WeQ,"Russias only super weapon is its lies and  deception.","Russias only super weapon is its lies and  deception.",0,"2018-04-16 23:22:56","2018-04-16 23:22:56",1,null
1348,UgwgMB8O5rPMmPfr3Vx4AaABAg.8f74h75Ry5h8f7kjsNz7wc,IGlra8cuOd8,Polizei1945,UC9ip518jdbMYUkK-beacXXw,"karl miles negative","karl miles negative",0,"2018-04-17 05:39:03","2018-04-17 05:39:03",0,UgwgMB8O5rPMmPfr3Vx4AaABAg
1349,Ugw_0bCg3p1r9Av3TTF4AaABAg,IGlra8cuOd8,"Roger Ganitano",UCi2ntK-YCjmddVIsNODPrkg,"Stupid fake news propaganda,i dont believe that russia can match the war machinery of usa,they are deployed every where sorrounding russia and china plus their allies nato do u think there is more powerful military alliance than nato?and if incase of nuclear war do u think russia can destroyed all of nato members in one strike?for me i bilieve in reality that if nuclear war happens russia will turn to pieces no one will survive","Stupid fake news propaganda,i dont believe that russia can match the war machinery of usa,they are deployed every where sorrounding russia and china plus their allies nato do u think there is more powerful military alliance than nato?and if incase of nuclear war do u think russia can destroyed all of nato members in one strike?for me i bilieve in reality that if nuclear war happens russia will turn to pieces no one will survive",1,"2018-04-16 23:18:57","2018-04-16 23:18:57",0,null
1350,Ugw2vARkmepN164hf6p4AaABAg,IGlra8cuOd8,3DManShadowland,UCtkm09d9w2plg_oRRRKoi0w,"It isn’t that it can’t be made by the US, we already have weapons that do the job well.  But first, you have to be able to find a target to shoot at, or it’s not worth it.","It isn’t that it can’t be made by the US, we already have weapons that do the job well.  But first, you have to be able to find a target to shoot at, or it’s not worth it.",0,"2018-04-16 23:18:40","2018-04-16 23:18:40",0,null
1351,UgyvDH2V3GnjrPy2PJx4AaABAg,IGlra8cuOd8,"symphorian kimbi",UCNVztxl0FNLOeiQJ4yPTWDw,"Always war war war and weapons
 When will mankind ever learn to live in peace. Very soon we will lose 2 billion people in war.","Always war war war and weapons
 When will mankind ever learn to live in peace. Very soon we will lose 2 billion people in war.",1,"2018-04-16 23:08:00","2018-04-16 23:08:00",2,null
1352,UgyvDH2V3GnjrPy2PJx4AaABAg.8f72zdWQjGO8f7ngAdxKx5,IGlra8cuOd8,"symphorian kimbi",UCNVztxl0FNLOeiQJ4yPTWDw,"Polizei1945 do u think hillary would have been better? We had two bad choices and we took the lesser evil. No american in their right minds will go for hillary. If she were in nuclear war with russia would have already started. We voted for trump to end these foolish waste of lives thats why we are so disappointed","Polizei1945 do u think hillary would have been better? We had two bad choices and we took the lesser evil. No american in their right minds will go for hillary. If she were in nuclear war with russia would have already started. We voted for trump to end these foolish waste of lives thats why we are so disappointed",0,"2018-04-17 06:04:46","2018-04-17 06:04:46",0,UgyvDH2V3GnjrPy2PJx4AaABAg
1353,UgyvDH2V3GnjrPy2PJx4AaABAg.8f72zdWQjGO8f7loferBdA,IGlra8cuOd8,Polizei1945,UC9ip518jdbMYUkK-beacXXw,"symphorian kimbi thanks to that Jewish Trump. Trump wants to destroy the world like he said","symphorian kimbi thanks to that Jewish Trump. Trump wants to destroy the world like he said",0,"2018-04-17 05:48:27","2018-04-17 05:48:27",0,UgyvDH2V3GnjrPy2PJx4AaABAg
1354,UgzTWIEykGh4YcR3JfF4AaABAg,IGlra8cuOd8,"Rocko99 Rocko99",UCJRGCWOi7koFfVY7q312HcQ,"In Canada with have the stealth canoe. Ehhhhhhhhhhhhhhh","In Canada with have the stealth canoe. Ehhhhhhhhhhhhhhh",3,"2018-04-16 23:05:17","2018-04-16 23:05:17",0,null
1355,Ugz3-kJEQYi4_a4DoRF4AaABAg,IGlra8cuOd8,captjohn1124,UCKIIo3IiWajpocXIT-mzyhg,"Russia has never been very successful at operating its military very far from its own borders, and they know it.","Russia has never been very successful at operating its military very far from its own borders, and they know it.",1,"2018-04-16 23:05:16","2018-04-16 23:05:16",0,null
1356,UgxFGyd2a8-j462FzXd4AaABAg,IGlra8cuOd8,"Silent Savage",UC2iKnzYH1V1ItaIbrbWNexQ,"Russian troll","Russian troll",1,"2018-04-16 23:04:15","2018-04-16 23:04:15",0,null
1357,Ugy7D0AV6_X5wBiHCJ14AaABAg,IGlra8cuOd8,"Welts Von Warwick",UCRFIQ6hGo8BPUulzXJ29PMA,"This is almost funny. Do they really think that since US doesnt show the world the weapons we have that we dont have them? The US hasnt publicized a break through technology since the stealth bomber and we had that for years before that. Does everyone think we havent come up with anything new in the last 50 yrs?","This is almost funny. Do they really think that since US doesnt show the world the weapons we have that we dont have them? The US hasnt publicized a break through technology since the stealth bomber and we had that for years before that. Does everyone think we havent come up with anything new in the last 50 yrs?",1,"2018-04-16 23:01:45","2018-04-16 23:01:45",0,null
1358,UgwxWMKwF4NkDLCtGEx4AaABAg,IGlra8cuOd8,"james ohara",UC5Q_Y2CZZUib1tNbU7nKp9w,"Super Weapon America Cant Seem to Match, is it military grade lying?.","Super Weapon America Cant Seem to Match, is it military grade lying?.",0,"2018-04-16 22:51:01","2018-04-16 22:51:01",0,null
1359,Ugy6EnVa_cCy005FVLt4AaABAg,IGlra8cuOd8,StreetDestiny,UCLerbdwXyVAXMcVjdJkVqfQ,"I am sorry, But no civilian here cares. We will all die anyways.","I am sorry, But no civilian here cares. We will all die anyways.",0,"2018-04-16 22:46:33","2018-04-16 22:46:33",0,null
1360,UgxccsdZSk4B-0md3Dl4AaABAg,IGlra8cuOd8,TheNorthsquad,UCngPOZGfeIdzj1XHBfsdeMQ,"Fuck Russia & Fuck Putin, The U.S. will clean their clock in a conventional war and Putin knows it. Thats not going to change either Russia is broke, their GDP is the same as the State of California one of 50 US States, so fuck off Russia","Fuck Russia & Fuck Putin, The U.S. will clean their clock in a conventional war and Putin knows it. Thats not going to change either Russia is broke, their GDP is the same as the State of California one of 50 US States, so fuck off Russia",1,"2018-04-16 22:46:09","2018-04-16 22:46:09",0,null
1361,UgzVXwRyCn6X6KkJuuN4AaABAg,IGlra8cuOd8,"Eric Stockton",UCjP2Z9LEK01nmvWNVZybd9g,"wrong  we can expose our hand  but believe me this not a worry the subs will be the first to go  we know where all are","wrong  we can expose our hand  but believe me this not a worry the subs will be the first to go  we know where all are",1,"2018-04-16 22:45:52","2018-04-16 22:45:52",0,null
1362,UgygASVkFz1NWTv6z-N4AaABAg,IGlra8cuOd8,"Justin McNeill",UCqiBBE0cnHaSouCC2imyp8Q,"The US can kill the Russian economy without firing a shot.","The US can kill the Russian economy without firing a shot.",1,"2018-04-16 22:31:17","2018-04-16 22:31:17",0,null
1363,UgxSvISzaRIulUxFw6p4AaABAg,IGlra8cuOd8,"Van Stiller",UCFanVd3p31Ujx7Axy5xggRw,"WANNA BET ?","WANNA BET ?",0,"2018-04-16 22:30:56","2018-04-16 22:30:56",0,null
1364,Ugzimz_Z-owY0f9AXeF4AaABAg,IGlra8cuOd8,"BLANCHE JONES",UCXa8-LfAlT0H9p9y1xh3Spw,"GOD CAN MATCH IT!!!","GOD CAN MATCH IT!!!",0,"2018-04-16 22:24:55","2018-04-16 22:24:55",0,null
1365,UgwGSc6BilhadBmQ0A94AaABAg,IGlra8cuOd8,"The Mazza",UCprfBzC0un3vQkbp_hknfuA,"Fake. US and UK have torps that home in and are fire and forget lol.","Fake. US and UK have torps that home in and are fire and forget lol.",0,"2018-04-16 22:19:35","2018-04-16 22:19:35",0,null
1366,UgwMBPjgZBdqT1bWuz54AaABAg,IGlra8cuOd8,"José Dourado",UCOVbZtk1CvEws1cOcO1ggcw,"RuSSia have a smoke screen carrier ??????? and a ?one","RuSSia have a smoke screen carrier ??????? and a ?one",1,"2018-04-16 22:19:15","2018-04-16 22:19:15",0,null
1367,UgwTWK1JA0Ldr-xG8k94AaABAg,IGlra8cuOd8,cucumberman1234567,UC2GToc29VqcvdoaeR6ECkNg,"........more Putinbot bullshit","........more Putinbot bullshit",3,"2018-04-16 22:03:34","2018-04-16 22:03:34",0,null
1368,UgxoocpZpi2C9bkABMV4AaABAg,IGlra8cuOd8,"Robert Elliott",UCbe8cbAXTFcNDA0ACFZbEZw,"Russia may have one weapon the US cant match but the US has many weapons that Russia cant match.","Russia may have one weapon the US cant match but the US has many weapons that Russia cant match.",14,"2018-04-16 21:56:19","2018-04-16 21:56:19",9,null
1369,UgxoocpZpi2C9bkABMV4AaABAg.8f6vmdmYibd8fAwNSB_QWY,IGlra8cuOd8,"eine riskanter profilname",UCGN7ySD4MjKZ4qXnUeCyGHA,"Sounak Kar its all fake. If Russia knew that he had more warheads than The US he would have attacked responded to the 103 MISSILES sent","Sounak Kar its all fake. If Russia knew that he had more warheads than The US he would have attacked responded to the 103 MISSILES sent",0,"2018-04-18 11:18:26","2018-04-18 11:18:26",0,UgxoocpZpi2C9bkABMV4AaABAg
1370,UgxoocpZpi2C9bkABMV4AaABAg.8f6vmdmYibd8fAcIP3OYcC,IGlra8cuOd8,"Sounak Kar",UC75Gt2WpMeVKf-A1XV5xNwg,"eine riskanter profilname isnt  that russia alone have more than usa
https://fas.org/issues/nuclear-weapons/status-world-nuclear-forces/","eine riskanter profilname isnt  that russia alone have more than usa
https://fas.org/issues/nuclear-weapons/status-world-nuclear-forces/",0,"2018-04-18 08:22:59","2018-04-18 08:22:59",0,UgxoocpZpi2C9bkABMV4AaABAg
1371,UgxoocpZpi2C9bkABMV4AaABAg.8f6vmdmYibd8f9zCbTWe83,IGlra8cuOd8,"Ronald Brumwell",UCFcoyQA-08-o-Rltwbf0Jnw,"eine riskanter profilname Yes I do. But it is a paid subscription however you can go to thesiriusreport.com and read stuff not on the paid bit. Or there is rouge money with London Paul interviews. rougemoney.net or Harley Schlanger at larouchepac.com also on YouTube. Hope that helps.","eine riskanter profilname Yes I do. But it is a paid subscription however you can go to thesiriusreport.com and read stuff not on the paid bit. Or there is rouge money with London Paul interviews. rougemoney.net or Harley Schlanger at larouchepac.com also on YouTube. Hope that helps.",0,"2018-04-18 02:23:56","2018-04-18 02:23:56",0,UgxoocpZpi2C9bkABMV4AaABAg
1372,UgxoocpZpi2C9bkABMV4AaABAg.8f6vmdmYibd8f9QkWlujxF,IGlra8cuOd8,"Ken Marko",UC2_vz-SCsARYx2GyNmA_k_Q,"eine riskanter profilname can you show me links about that? We dont know how many nuclear weapons Russia have because they secretly making them behind UNs back.. Russia is poor because almost 90+% of their budget goes to their military.. Russia, China, North Korea and Iran are secret allies...","eine riskanter profilname can you show me links about that? We dont know how many nuclear weapons Russia have because they secretly making them behind UNs back.. Russia is poor because almost 90+% of their budget goes to their military.. Russia, China, North Korea and Iran are secret allies...",1,"2018-04-17 21:14:07","2018-04-17 21:14:07",0,UgxoocpZpi2C9bkABMV4AaABAg
1373,UgxoocpZpi2C9bkABMV4AaABAg.8f6vmdmYibd8f8sbAkOaF0,IGlra8cuOd8,"eine riskanter profilname",UCGN7ySD4MjKZ4qXnUeCyGHA,"Sounak Kar well the US holds more than 90% of all 16 000 nuclear weapons on earth","Sounak Kar well the US holds more than 90% of all 16 000 nuclear weapons on earth",0,"2018-04-17 16:07:01","2018-04-17 16:07:01",0,UgxoocpZpi2C9bkABMV4AaABAg
1374,UgxoIOKvi3wrtwk38eV4AaABAg,IGlra8cuOd8,"Jay Serrano",UC-36FwiNx4-tfy27O-1leEg,FAKE,FAKE,3,"2018-04-16 21:52:04","2018-04-16 21:52:04",0,null
1375,Ugw8UDyDkFmv9AYwkVx4AaABAg,IGlra8cuOd8,"its me223",UC1EGqauodtx8XDPJFwYAiXA,"russia has nothing......well.. thats not true.  russia has cartoons and fake news to scare people. lol.","russia has nothing......well.. thats not true.  russia has cartoons and fake news to scare people. lol.",6,"2018-04-16 21:50:03","2018-04-16 21:50:03",2,null
1376,Ugw8UDyDkFmv9AYwkVx4AaABAg.8f6v3kHAtpa8f7ilwTAOfr,IGlra8cuOd8,Polizei1945,UC9ip518jdbMYUkK-beacXXw,"its me223 its a sin for you Americana to take too much pride on yourself. God hates people with pride. Pride is one of 7 deadly sins","its me223 its a sin for you Americana to take too much pride on yourself. God hates people with pride. Pride is one of 7 deadly sins",0,"2018-04-17 05:21:51","2018-04-17 05:21:51",0,Ugw8UDyDkFmv9AYwkVx4AaABAg
1377,Ugw8UDyDkFmv9AYwkVx4AaABAg.8f6v3kHAtpa8f7ibURtXCg,IGlra8cuOd8,Polizei1945,UC9ip518jdbMYUkK-beacXXw,"its me223 thats Trump propaganda. Russia has great weapons","its me223 thats Trump propaganda. Russia has great weapons",0,"2018-04-17 05:20:26","2018-04-17 05:20:26",0,Ugw8UDyDkFmv9AYwkVx4AaABAg
1378,UgzjVU3EvkKG-2F2XAp4AaABAg,IGlra8cuOd8,Joy,UCCH3N70NMCp3HCV3pRLrnlg,"I will report this shit channel","I will report this shit channel",0,"2018-04-16 21:46:16","2018-04-16 21:46:16",0,null
1379,Ugx--9gyqSuEMiOjY0p4AaABAg,IGlra8cuOd8,"Woo_killed na.",UCJBYBzWLDi0qR7mKAP1K54w,"Sigh..more Russia propaganda. America showed thay are not scared of Putin. All Putin can do is say nuke. Because America will stomp that shithole mitilary when its all said and done.","Sigh..more Russia propaganda. America showed thay are not scared of Putin. All Putin can do is say nuke. Because America will stomp that shithole mitilary when its all said and done.",2,"2018-04-16 21:45:47","2018-04-16 21:45:47",1,null
1380,Ugx--9gyqSuEMiOjY0p4AaABAg.8f6u_WR04Kn8f7obs9C4ao,IGlra8cuOd8,ICE69ROG,UCHys_VfXcDlsXzoRkG_1r9Q,"Woo_killed na. It does not matter who would win . The last thing we need is another war yet our treasonous leaders are bound and determined to get us in one. Why ? And why Russia? Think about it , think about all the money that is missing . Do you think that they are not going to have a place to run and hide where they think they will be safe? They will leave us to bear the brunt of the evil that they started while they scurry like rats to their holes to hide in. And you people play right along with their game here in comments , making sure the rest of the world has no reason to think we dont deserve it. Wake up people , this is a no win situation . Especially with the leaders we have , you all presume that they would do anything other than provoke Russia to strike and do nothing in return . I would be surprised if Russia did not come out of it without a scratch because our leaders wanting to destroy us more than anything else . At best , we are both destroyed by a war.","Woo_killed na. It does not matter who would win . The last thing we need is another war yet our treasonous leaders are bound and determined to get us in one. Why ? And why Russia? Think about it , think about all the money that is missing . Do you think that they are not going to have a place to run and hide where they think they will be safe? They will leave us to bear the brunt of the evil that they started while they scurry like rats to their holes to hide in. And you people play right along with their game here in comments , making sure the rest of the world has no reason to think we dont deserve it. Wake up people , this is a no win situation . Especially with the leaders we have , you all presume that they would do anything other than provoke Russia to strike and do nothing in return . I would be surprised if Russia did not come out of it without a scratch because our leaders wanting to destroy us more than anything else . At best , we are both destroyed by a war.",0,"2018-04-17 06:12:55","2018-04-17 06:15:14",0,Ugx--9gyqSuEMiOjY0p4AaABAg
1381,Ugy9Y34vwclUyFHQiQB4AaABAg,IGlra8cuOd8,"Dick Melanson",UCdusLEahPZsbWWOcVy6ABWQ,"Russian BLACK HEART bullshit fake news video","Russian BLACK HEART bullshit fake news video",0,"2018-04-16 21:45:29","2018-04-16 21:45:29",0,null
1382,UgzbWgHDt-89FET6Ju54AaABAg,IGlra8cuOd8,"Robinson Labuga",UCJTkUijwSAGlT7phHEmTkGQ,"Thats bullshit dude?","Thats bullshit dude?",1,"2018-04-16 21:36:34","2018-04-16 21:36:34",0,null
1383,Ugz701i7RIeHC_9FX2J4AaABAg,IGlra8cuOd8,BROWNIEMIX1,UCQO4UTIOpuLdjoGCorpyZUg,"America surrenders now...Lol!","America surrenders now...Lol!",0,"2018-04-16 21:32:28","2018-04-16 21:32:28",0,null
1384,UgzuKRZAGx90rQTZkFB4AaABAg,IGlra8cuOd8,"Russian Serbian Targeted Individual",UCAsDeSMMu4vcKGw56Bm2emQ,"americunts are scared pussies РОССИЯ","americunts are scared pussies РОССИЯ",0,"2018-04-16 21:31:03","2018-04-16 21:31:03",3,null
1385,UgzuKRZAGx90rQTZkFB4AaABAg.8f6stdhXzv28f768eHm7Mn,IGlra8cuOd8,"Russian Serbian Targeted Individual",UCAsDeSMMu4vcKGw56Bm2emQ,"FEDERICO FLORES catholic pedophile pussy","FEDERICO FLORES catholic pedophile pussy",0,"2018-04-16 23:35:34","2018-04-16 23:35:34",0,UgzuKRZAGx90rQTZkFB4AaABAg
1386,UgzuKRZAGx90rQTZkFB4AaABAg.8f6stdhXzv28f73BC20tGw,IGlra8cuOd8,"FEDERICO FLORES",UCxd9OaTAjlP6GoZ64Tsiuaw,"Russian Serbian Targeted Individual putin is a puto","Russian Serbian Targeted Individual putin is a puto",0,"2018-04-16 23:09:42","2018-04-16 23:09:42",0,UgzuKRZAGx90rQTZkFB4AaABAg
1387,UgzuKRZAGx90rQTZkFB4AaABAg.8f6stdhXzv28f734gKabQ4,IGlra8cuOd8,"FEDERICO FLORES",UCxd9OaTAjlP6GoZ64Tsiuaw,"Russian Serbian Targeted Individual 
why are you here punk","Russian Serbian Targeted Individual 
why are you here punk",0,"2018-04-16 23:08:49","2018-04-16 23:08:49",0,UgzuKRZAGx90rQTZkFB4AaABAg
1388,Ugysx5hLnIDiwKf4hOB4AaABAg,IGlra8cuOd8,"Dobs R",UCtPnt5hQkERhncBuvbr4Tsw,"Russia is putting out a lot of superior weapons videos to show the world there unmatched arsenal.With that 70 billion dollar budget","Russia is putting out a lot of superior weapons videos to show the world there unmatched arsenal.With that 70 billion dollar budget",0,"2018-04-16 21:29:50","2018-04-16 21:29:50",0,null
1389,UgxcKWc0PHiUqnwqeZB4AaABAg,IGlra8cuOd8,"John Batchler",UCrnjMP2NMkj0XO2c_pGIJbw,"The public is brain wash into thinking that USA will win war I said nope with secondary electronic and no electronic defense system leaves things vunerable to our military","The public is brain wash into thinking that USA will win war I said nope with secondary electronic and no electronic defense system leaves things vunerable to our military",1,"2018-04-16 21:29:01","2018-04-16 21:29:01",1,null
1390,UgxcKWc0PHiUqnwqeZB4AaABAg.8f6selxRBeI8f71itBW955,IGlra8cuOd8,"Leonard Gheorghe",UCw02KjylonzYRTddBhY-16A,"John Batchler Dont say: you are american; right?","John Batchler Dont say: you are american; right?",0,"2018-04-16 22:56:58","2018-04-16 22:56:58",0,UgxcKWc0PHiUqnwqeZB4AaABAg
1391,UgwEw4aVw4_Ubr9NrMd4AaABAg,IGlra8cuOd8,"Simon Phelps- Gardiner",UC3IdKe8LyEPQtXnTAX9R0kA,"Wots that a huge vodka problem","Wots that a huge vodka problem",0,"2018-04-16 21:28:10","2018-04-16 21:28:10",0,null
1392,Ugz5ItQ7NjE0zXb0Wwp4AaABAg,IGlra8cuOd8,"jeffrey exposito",UCktA8toRAMtU2mDcetfr9QA,"Such a torpedo is a myth and doesnt exist as many Russian weapons are fantasy.","Such a torpedo is a myth and doesnt exist as many Russian weapons are fantasy.",1,"2018-04-16 21:25:56","2018-04-16 21:25:56",0,null
1393,UgwCF6cQJuv-lRFmS_t4AaABAg,IGlra8cuOd8,"Addam Hassi",UCBTuskpD3QfbpYoUArb0tTw,"Russian weapon is vodka hhhhh third world country..","Russian weapon is vodka hhhhh third world country..",1,"2018-04-16 21:21:39","2018-04-16 21:21:39",0,null
1394,UgyB1vrxozbgYdBKMh14AaABAg,IGlra8cuOd8,"jozsef osztronkovic",UCaDrPvYGJ2UE7AaZFu4UwKQ,"WAR will continue by Zionist Jews, using American UK   the useful idiots
Israel is behind all this  fake  gas attack  --UK us  a  evil puppet  who doing  al this  for zionist israel—please open your eye   
Russia should break  the economic and political relation with zionist  Israel","WAR will continue by Zionist Jews, using American UK   the useful idiots
Israel is behind all this  fake  gas attack  --UK us  a  evil puppet  who doing  al this  for zionist israel—please open your eye   
Russia should break  the economic and political relation with zionist  Israel",0,"2018-04-16 21:13:15","2018-04-16 21:13:15",0,null
1395,Ugy1j8-11J-8qlVocEF4AaABAg,IGlra8cuOd8,"Russell c C",UCx6HB6qk1WeN72VDMf1-mdg,"dont watch this video..its a robot talking shite and to many adverts...","dont watch this video..its a robot talking shite and to many adverts...",2,"2018-04-16 21:10:50","2018-04-16 21:10:50",0,null
1396,UgwZmDvE2NsOizpvw4R4AaABAg,IGlra8cuOd8,"Marco Yanitelli",UCmulpWsl1vRUTkPkJX3ntTQ,"The USA has 100 weapons Russia cant match for any one weapon they might have that could possibly be considered close to being equal. Otherwise nothing. The USA is so far beyond Russia in military technology that Russia might as well be fighting with slings and spears for all the good their crap equipment does them.","The USA has 100 weapons Russia cant match for any one weapon they might have that could possibly be considered close to being equal. Otherwise nothing. The USA is so far beyond Russia in military technology that Russia might as well be fighting with slings and spears for all the good their crap equipment does them.",0,"2018-04-16 21:08:42","2018-04-16 21:08:42",0,null
1397,Ugzy4x7Rpe08-dOXJCR4AaABAg,IGlra8cuOd8,"Vivian Pough",UCz3p-grQ-4-qhpOGAuMewgg,"What, the element of surprise, like Pearl Harbor.","What, the element of surprise, like Pearl Harbor.",0,"2018-04-16 21:03:06","2018-04-16 21:03:06",0,null
1398,UgzBFPgBFAsGfD6jRjV4AaABAg,IGlra8cuOd8,"LOVE4 PAWS",UCpBmXL_WUsbMDanQnwJYuig,"Get off of Russia dick","Get off of Russia dick",0,"2018-04-16 20:59:46","2018-04-16 20:59:46",0,null
1399,UgyV7EafDyzc3xAW2694AaABAg,IGlra8cuOd8,"Dennis Madigan",UC4tb3L8WcFIZ-HXg7w9Cg8A,"Their women","Their women",0,"2018-04-16 20:57:18","2018-04-16 20:57:18",0,null
1400,UgzXcHeGf-l8mT-KTl94AaABAg,IGlra8cuOd8,"Spacey Sunde",UCcQmPTdNiSPSW3FGireL6sw,"Strike the country who bad they peoples. Strike the communist country please the peoples never to live with the communist country","Strike the country who bad they peoples. Strike the communist country please the peoples never to live with the communist country",0,"2018-04-16 20:50:02","2018-04-16 20:50:02",0,null
1401,UgwGcbgnLiujHH2Hfxt4AaABAg,IGlra8cuOd8,"Spacey Sunde",UCcQmPTdNiSPSW3FGireL6sw,"Trump England French we love all you and always support","Trump England French we love all you and always support",0,"2018-04-16 20:47:03","2018-04-16 20:47:03",0,null
1402,UgyP9KCEMxEclkbnmP94AaABAg,IGlra8cuOd8,"Kurt Harer",UC12D7mEZJB48t6ggd7rwimg,"Pure unadulterated Horseshit!  # Fuck Russia!","Pure unadulterated Horseshit!  # Fuck Russia!",1,"2018-04-16 20:43:30","2018-04-16 20:43:30",0,null
1403,UgycMljOD3VbOy7CKgN4AaABAg,IGlra8cuOd8,"Jorge Maldonado",UC2y1OIfVLwMVgOMQIQJ1jqQ,"Just blow the wh with stormy trump in it","Just blow the wh with stormy trump in it",0,"2018-04-16 20:41:33","2018-04-16 20:41:33",0,null
1404,UgzGWiXHHc-64TBzVUt4AaABAg,IGlra8cuOd8,"Bob Balkas",UCVMZcF6EYilk4OeiBc3pFkA,"Neither Russia nor the West, East, South, North want the WWIII. The West ONLY wants to change Russian independence to a total dependency on the West.
It will not work, i suggest.","Neither Russia nor the West, East, South, North want the WWIII. The West ONLY wants to change Russian independence to a total dependency on the West.
It will not work, i suggest.",1,"2018-04-16 20:41:23","2018-04-16 20:41:23",0,null
1405,UgyD3nnxwpfW2m9lcVp4AaABAg,IGlra8cuOd8,"John Robinson",UCUFH7Rzejk3Yq-Bc8n_Hp5g,"I say let them Demons come no Whiteman believe in God so lets show them there is a God that is coming to redeem his people and its not those type of people who loves war who are the most waring people on earth ypu guessed it Mr. Whitey the devil himself enjoy hell you bastards","I say let them Demons come no Whiteman believe in God so lets show them there is a God that is coming to redeem his people and its not those type of people who loves war who are the most waring people on earth ypu guessed it Mr. Whitey the devil himself enjoy hell you bastards",1,"2018-04-16 20:40:59","2018-04-16 20:40:59",0,null
1406,UgzrdCDY_ccHNX61dHF4AaABAg,IGlra8cuOd8,"Matt Theroux",UCw2M7jYLowA-pmbjkx2sjqQ,"Russia should just live their lives and the u.s will live their lives and all will be well. No one wants to end the world. Neither country is stupid enough to start a war.","Russia should just live their lives and the u.s will live their lives and all will be well. No one wants to end the world. Neither country is stupid enough to start a war.",0,"2018-04-16 20:40:43","2018-04-16 20:40:43",0,null
1407,UgxSqSut1f3GRaAwABZ4AaABAg,IGlra8cuOd8,"AdepT Joe",UCMKz0T2RjBn0dc5OPcodMyw,"All of this going on and Stormy Daniels is still the big headline in America ?","All of this going on and Stormy Daniels is still the big headline in America ?",1,"2018-04-16 20:34:46","2018-04-16 20:34:46",0,null
1408,Ugy_W6ksP9iFML4xQlF4AaABAg,IGlra8cuOd8,Mr2pint,UC0oTXXeEP98CGB6oZNSXAFg,"Fake news Russia has no such thing and the US mastered this tech decades ago...","Fake news Russia has no such thing and the US mastered this tech decades ago...",5,"2018-04-16 20:34:01","2018-04-16 20:34:01",0,null
1409,UgwmF6B752HP7m7Wp814AaABAg,IGlra8cuOd8,"Cris Carmen",UCgs1jtGtTHY9O9vOSxNZWgw,"I wouldnt go cruisin or firing weapons on that sub. Cause it will hurt russian economy even more.","I wouldnt go cruisin or firing weapons on that sub. Cause it will hurt russian economy even more.",0,"2018-04-16 20:30:38","2018-04-16 20:30:38",0,null
1410,UgyqGtGvfCz-i_5YgLR4AaABAg,IGlra8cuOd8,"Francis de Xavier Maurinus",UC5wYc1h-K259QTLq9zj8wDg,"That Torpedo will kill Whales like flyes. Noisy. But I guess at the end of the world there is no issue then.
In any case the problem is that it shoots straight ahead like a Gun.","That Torpedo will kill Whales like flyes. Noisy. But I guess at the end of the world there is no issue then.
In any case the problem is that it shoots straight ahead like a Gun.",0,"2018-04-16 20:30:30","2018-04-16 20:30:30",0,null
1411,UgxWT9D2yGsptjFWVBd4AaABAg,IGlra8cuOd8,"Audie Agoston",UCH0E8QXb00UtVqoBTXUSlBA,"Cant SEEM to is the key. I would wager the U.S.A. has much much more advanced weaponry and technology within their grasp. We would surely be amazed to see it Im sure.","Cant SEEM to is the key. I would wager the U.S.A. has much much more advanced weaponry and technology within their grasp. We would surely be amazed to see it Im sure.",0,"2018-04-16 20:30:04","2018-04-16 20:30:04",0,null
1412,Ugx0Gm_0hLbQV_CfT2J4AaABAg,IGlra8cuOd8,"Hsani Lewis",UCNlI5L2NDDCbHIIVZknjU_A,"thats a fucking lie we are the mother fucker of this nuke shitt we started this shit you think Russia really gonna pass us IM CRYING","thats a fucking lie we are the mother fucker of this nuke shitt we started this shit you think Russia really gonna pass us IM CRYING",0,"2018-04-16 20:26:28","2018-04-16 20:26:28",0,null
1413,UgxmaNRW-NQvAPH-DiB4AaABAg,IGlra8cuOd8,"Tani 80",UCbdUhcg1sJtkXrVjUmTkHCA,"Just another russian propaganda. .","Just another russian propaganda. .",1,"2018-04-16 20:25:24","2018-04-16 20:25:24",0,null
1414,Ugw-ZvqpUsZvsWQJ1pV4AaABAg,IGlra8cuOd8,"TATTOO VAMPIRE1966",UCe4xT9lCeWEp3G1UhWniFww,"All talk, no evidence of this weapon.. Russia has 3 to our 1 infantry.. What are they gonna do? Pull a Red Dawn?? Doubtful~ Dumb Video","All talk, no evidence of this weapon.. Russia has 3 to our 1 infantry.. What are they gonna do? Pull a Red Dawn?? Doubtful~ Dumb Video",0,"2018-04-16 20:22:51","2018-04-17 07:55:51",2,null
1415,Ugw-ZvqpUsZvsWQJ1pV4AaABAg.8f6l53KkSEu8f8-c-sknU8,IGlra8cuOd8,"TATTOO VAMPIRE1966",UCe4xT9lCeWEp3G1UhWniFww,"Polizei1945: Are you hitting on me?  ; )","Polizei1945: Are you hitting on me?  ; )",0,"2018-04-17 07:57:47","2018-04-17 07:57:47",0,Ugw-ZvqpUsZvsWQJ1pV4AaABAg
1416,Ugw-ZvqpUsZvsWQJ1pV4AaABAg.8f6l53KkSEu8f7lRYXkZmh,IGlra8cuOd8,Polizei1945,UC9ip518jdbMYUkK-beacXXw,"TATTOO VAMPIRE1966 you are one funny clown.","TATTOO VAMPIRE1966 you are one funny clown.",0,"2018-04-17 05:45:09","2018-04-17 05:45:09",0,Ugw-ZvqpUsZvsWQJ1pV4AaABAg
1417,UgxRHeHioq19koCC0Zt4AaABAg,IGlra8cuOd8,"Mike Brown",UCLBTxAONz8-Y0YqpYIikArg,"General Patton had it right . grab whats let of the German units and go after russia","General Patton had it right . grab whats let of the German units and go after russia",0,"2018-04-16 20:22:20","2018-04-16 20:22:20",0,null
1418,UgyQx_2t_z_49y-9U8d4AaABAg,IGlra8cuOd8,"YaFav Goon",UCDhESS5WPpe9qCTukH1nJ5A,"Russia is a cracker country of course they are weak there white what do u expect","Russia is a cracker country of course they are weak there white what do u expect",0,"2018-04-16 20:19:25","2018-04-16 20:19:25",4,null
1419,UgyQx_2t_z_49y-9U8d4AaABAg.8f6kguvLmE58f7A90VTcda,IGlra8cuOd8,"YaFav Goon",UCDhESS5WPpe9qCTukH1nJ5A,"Juan Serrano not really Russia is a white country","Juan Serrano not really Russia is a white country",0,"2018-04-17 00:10:34","2018-04-17 00:10:34",0,UgyQx_2t_z_49y-9U8d4AaABAg
1420,UgyQx_2t_z_49y-9U8d4AaABAg.8f6kguvLmE58f79_LkfiZ6,IGlra8cuOd8,"Juan Serrano",UCr-I9bh0W7GRvaZQaotJIpg,"YaFav Goon you are prabaly describing where you are from.","YaFav Goon you are prabaly describing where you are from.",0,"2018-04-17 00:05:34","2018-04-17 00:05:34",0,UgyQx_2t_z_49y-9U8d4AaABAg
1421,UgyQx_2t_z_49y-9U8d4AaABAg.8f6kguvLmE58f6laW5WIqj,IGlra8cuOd8,"YaFav Goon",UCDhESS5WPpe9qCTukH1nJ5A,"Joe Anselment  #truth","Joe Anselment  #truth",0,"2018-04-16 20:27:16","2018-04-16 20:27:16",0,UgyQx_2t_z_49y-9U8d4AaABAg
1422,UgyQx_2t_z_49y-9U8d4AaABAg.8f6kguvLmE58f6lJOmNT7j,IGlra8cuOd8,"J Ancel",UCcj0Vyu-S6uiO88ZN_pnlDg,IDIOT!,IDIOT!,0,"2018-04-16 20:24:48","2018-04-16 20:24:48",0,UgyQx_2t_z_49y-9U8d4AaABAg
1423,UgyHKES-wM6T9ZrRTOx4AaABAg,IGlra8cuOd8,"Bill W",UCDjmTqZv7-HJLfiXhcSmasw,"The weapon the u.s. cannot match is truth","The weapon the u.s. cannot match is truth",0,"2018-04-16 20:18:21","2018-04-16 20:18:21",0,null
1424,UgxM5K8siQIDu8u7-s14AaABAg,IGlra8cuOd8,"MAVERICK 42",UCMq38Z3OOEGEkoBOa1O1etA,"More Russian propaganda i see","More Russian propaganda i see",21,"2018-04-16 20:17:21","2018-04-16 20:17:21",6,null
1425,UgxM5K8siQIDu8u7-s14AaABAg.8f6kSnPdytN8f9F2ma7S0j,IGlra8cuOd8,"MAVERICK 42",UCMq38Z3OOEGEkoBOa1O1etA,"Eugene Rotter 
I dont think you know what your talking about, WW3 is closer then you think. USA Ambassador has said in a UN meeting if Syria use another chemical weapon on its people then the USA will take action again.","Eugene Rotter 
I dont think you know what your talking about, WW3 is closer then you think. USA Ambassador has said in a UN meeting if Syria use another chemical weapon on its people then the USA will take action again.",0,"2018-04-17 19:31:53","2018-04-17 19:31:53",0,UgxM5K8siQIDu8u7-s14AaABAg
1426,UgxM5K8siQIDu8u7-s14AaABAg.8f6kSnPdytN8f9EqIiFI-p,IGlra8cuOd8,"MAVERICK 42",UCMq38Z3OOEGEkoBOa1O1etA,"Eugene Rotter
Where did i ever mention US Propaganda? Oh right no where but every country has some form of propaganda but this video is about Russia so i only mentioned Russian Propaganda.","Eugene Rotter
Where did i ever mention US Propaganda? Oh right no where but every country has some form of propaganda but this video is about Russia so i only mentioned Russian Propaganda.",0,"2018-04-17 19:30:03","2018-04-17 19:30:03",0,UgxM5K8siQIDu8u7-s14AaABAg
1427,UgxM5K8siQIDu8u7-s14AaABAg.8f6kSnPdytN8f8jYvZegif,IGlra8cuOd8,"Omar Al Ghamdi",UCEfPPIKhxyCA98kx7rvQ3Dg,"K comrade","K comrade",0,"2018-04-17 14:47:55","2018-04-17 14:47:55",0,UgxM5K8siQIDu8u7-s14AaABAg
1428,UgxM5K8siQIDu8u7-s14AaABAg.8f6kSnPdytN8f8jO2JK9NP,IGlra8cuOd8,"Eugene Rotter",UCLAgC0FBEif2RCD5xOWYZSw,"This just warning to us not the propaganda what are you looking for you guys??? To have a nuklear war?? Obvious","This just warning to us not the propaganda what are you looking for you guys??? To have a nuklear war?? Obvious",0,"2018-04-17 14:46:26","2018-04-17 14:46:26",0,UgxM5K8siQIDu8u7-s14AaABAg
1429,UgxM5K8siQIDu8u7-s14AaABAg.8f6kSnPdytN8f8j8xRh-5q,IGlra8cuOd8,"Eugene Rotter",UCLAgC0FBEif2RCD5xOWYZSw,"MAVERICK 42    If you can not see the US propaganda. Then you are very stupid and you intelligent is big big 0","MAVERICK 42    If you can not see the US propaganda. Then you are very stupid and you intelligent is big big 0",0,"2018-04-17 14:44:23","2018-04-17 14:44:23",0,UgxM5K8siQIDu8u7-s14AaABAg
1430,UgxdU98m6qOxRzPsSGZ4AaABAg,IGlra8cuOd8,"FS Daigle",UCAVi7v5ArYx1VVAs7NiSxtg,"Russias superweapon is its high level of integrity.","Russias superweapon is its high level of integrity.",1,"2018-04-16 20:16:34","2018-04-16 20:16:34",2,null
1431,UgxdU98m6qOxRzPsSGZ4AaABAg.8f6kN3s1bgr8f71s5z0r3T,IGlra8cuOd8,Name,UCd9TNmbtRY0BL7NyuhTGQeQ,"You spelt low wrong","You spelt low wrong",0,"2018-04-16 22:58:13","2018-04-16 22:58:13",0,UgxdU98m6qOxRzPsSGZ4AaABAg
1432,UgxdU98m6qOxRzPsSGZ4AaABAg.8f6kN3s1bgr8f70XyXxNJq,IGlra8cuOd8,TheNorthsquad,UCngPOZGfeIdzj1XHBfsdeMQ,lol,lol,0,"2018-04-16 22:46:36","2018-04-16 22:46:36",0,UgxdU98m6qOxRzPsSGZ4AaABAg
1433,Ugxk2kjgPiLqtw_ngmx4AaABAg,IGlra8cuOd8,Jeff,UCH0HMc5W0a7yFStV8MDDy4A,"Please Stop Making Videos","Please Stop Making Videos",2,"2018-04-16 20:15:26","2018-04-16 20:15:26",3,null
1434,Ugxk2kjgPiLqtw_ngmx4AaABAg.8f6kEigDZ0o8f6nH23OKuA,IGlra8cuOd8,ScientistALRIII,UCHMUBbAYJNpIyb72K3l0NZw,"Prophecies must come true :)

Matthew 24: 6 And ye shall hear of wars and rumours of wars: see that ye be not troubled: for all these things must come to pass, but the end is not yet. 
7 For nation shall rise against nation, and kingdom against kingdom: and there shall be famines, and pestilences, and earthquakes, in divers places. 
8 All these are the beginning of sorrows.","Prophecies must come true :)

Matthew 24: 6 And ye shall hear of wars and rumours of wars: see that ye be not troubled: for all these things must come to pass, but the end is not yet. 
7 For nation shall rise against nation, and kingdom against kingdom: and there shall be famines, and pestilences, and earthquakes, in divers places. 
8 All these are the beginning of sorrows.",1,"2018-04-16 20:41:57","2018-04-16 20:41:57",0,Ugxk2kjgPiLqtw_ngmx4AaABAg
1435,Ugxk2kjgPiLqtw_ngmx4AaABAg.8f6kEigDZ0o8f6m72Srs1R,IGlra8cuOd8,Jeff,UCH0HMc5W0a7yFStV8MDDy4A,"ScientistALRIII No Im Tired Of War Hype If We Fight Im Sure We Will Be The First To Know","ScientistALRIII No Im Tired Of War Hype If We Fight Im Sure We Will Be The First To Know",0,"2018-04-16 20:31:51","2018-04-16 20:31:51",0,Ugxk2kjgPiLqtw_ngmx4AaABAg
1436,Ugxk2kjgPiLqtw_ngmx4AaABAg.8f6kEigDZ0o8f6lIXROzm7,IGlra8cuOd8,ScientistALRIII,UCHMUBbAYJNpIyb72K3l0NZw,"why? you feel uncomfortable? https://www.youtube.com/watch?v=k1XUkhugqt4","why? you feel uncomfortable? https://www.youtube.com/watch?v=k1XUkhugqt4",0,"2018-04-16 20:24:41","2018-04-16 20:24:41",0,Ugxk2kjgPiLqtw_ngmx4AaABAg
1437,Ugw-HH-KmJJi56RvqwV4AaABAg,IGlra8cuOd8,"Donald King",UCKQ1FaBIt_qz10pVyN1M8qg,"You think for one minute the united States is gonna admit to any secret weapon? We have a match and probably something much better. Where you think all the tax payers money goes and has gone for years? That is other than the politicians pockets? America has and always will be a very secretive country. I know one thing for sure theyve been lying to us for many years. It will all come out in the wash. War is soon.","You think for one minute the united States is gonna admit to any secret weapon? We have a match and probably something much better. Where you think all the tax payers money goes and has gone for years? That is other than the politicians pockets? America has and always will be a very secretive country. I know one thing for sure theyve been lying to us for many years. It will all come out in the wash. War is soon.",0,"2018-04-16 20:13:30","2018-04-16 20:13:30",0,null
1438,Ugx-k1sn8lgqQdjc9UZ4AaABAg,IGlra8cuOd8,"Ela Antonio",UC9n4_x0O3pKUqIyAALzYK9w,"Or is this a simple russian propaganda? Like what the russian did to social media to use for their own benefits","Or is this a simple russian propaganda? Like what the russian did to social media to use for their own benefits",0,"2018-04-16 20:13:00","2018-04-16 20:13:00",0,null
1439,Ugz_LvlmW35ZV7aXs5t4AaABAg,IGlra8cuOd8,"Matt Waite",UCiVAjPDF1aMZwxaX0XQQADQ,"Id love to see Russia Match Jesus Christ.","Id love to see Russia Match Jesus Christ.",3,"2018-04-16 20:11:17","2018-04-16 20:11:17",1,null
1440,Ugz_LvlmW35ZV7aXs5t4AaABAg.8f6jlPfreJy8f7j-C72eXC,IGlra8cuOd8,Polizei1945,UC9ip518jdbMYUkK-beacXXw,"Matt Waite actually God said Russia will punish America. The Bible mentions Gog, Magog","Matt Waite actually God said Russia will punish America. The Bible mentions Gog, Magog",0,"2018-04-17 05:23:48","2018-04-17 05:23:48",0,Ugz_LvlmW35ZV7aXs5t4AaABAg
1441,UgzsOINzmnYQlWosyjV4AaABAg,IGlra8cuOd8,"Lalo Loya",UC4pY0Prdu-Q80xOkWtHQRYg,"RUSSIA HAS ONE ,WE GOT MORE THAN ONE AND THEY KNOW IT","RUSSIA HAS ONE ,WE GOT MORE THAN ONE AND THEY KNOW IT",0,"2018-04-16 20:10:53","2018-04-16 20:11:47",1,null
1442,UgzsOINzmnYQlWosyjV4AaABAg.8f6jiUO6NYK8f6nP8MHupq,IGlra8cuOd8,"Jorge Maldonado",UC2y1OIfVLwMVgOMQIQJ1jqQ,"Lalo Loya all america has is an ass for president","Lalo Loya all america has is an ass for president",0,"2018-04-16 20:43:04","2018-04-16 20:43:04",0,UgzsOINzmnYQlWosyjV4AaABAg
1443,UgzNaCdxqHSKN2RHHhV4AaABAg,IGlra8cuOd8,"Seare Teklay",UCj3bE8bG8kVWZVaW8pR-_CQ,"Russians  are Exprienced of war .attempted expriment ww1&2 .","Russians  are Exprienced of war .attempted expriment ww1&2 .",1,"2018-04-16 20:08:07","2018-04-16 20:08:07",0,null
1444,Ugy894OfAWPW0tIzHZN4AaABAg,IGlra8cuOd8,"Donald King",UCKQ1FaBIt_qz10pVyN1M8qg,"Who gives a flying rats ass?","Who gives a flying rats ass?",0,"2018-04-16 20:06:14","2018-04-16 20:06:14",1,null
1445,Ugy894OfAWPW0tIzHZN4AaABAg.8f6jBMkyjMi8f7l_DtdHqX,IGlra8cuOd8,Polizei1945,UC9ip518jdbMYUkK-beacXXw,"Donald King you mean Who gives a flying Trumps ass?","Donald King you mean Who gives a flying Trumps ass?",0,"2018-04-17 05:46:20","2018-04-17 05:46:20",0,Ugy894OfAWPW0tIzHZN4AaABAg
1446,UgzH_09SSvXBZUdwWed4AaABAg,IGlra8cuOd8,Jeff84455,UCE-cy73yTeayuVCL1HW0liA,"There are ways to counter such a torpedo. adaptionsystems.com","There are ways to counter such a torpedo. adaptionsystems.com",0,"2018-04-16 20:03:15","2018-04-16 20:03:15",2,null
1447,UgzH_09SSvXBZUdwWed4AaABAg.8f6iqV52aHS8f793KscFhn,IGlra8cuOd8,"Juan Serrano",UCr-I9bh0W7GRvaZQaotJIpg,"Jeff84455 why dont you tell me the way they can be stop.","Jeff84455 why dont you tell me the way they can be stop.",0,"2018-04-17 00:01:04","2018-04-17 00:01:04",0,UgzH_09SSvXBZUdwWed4AaABAg
1448,UgzH_09SSvXBZUdwWed4AaABAg.8f6iqV52aHS8f6k-sqMfkt,IGlra8cuOd8,"Nationalist Canuck",UCmN9t5DGA3re9w7o7cV3CVQ,"Jeff84455 
  No, there are not. The Americans admitted this. ?","Jeff84455 
  No, there are not. The Americans admitted this. ?",0,"2018-04-16 20:13:24","2018-04-16 20:13:24",0,UgzH_09SSvXBZUdwWed4AaABAg
1449,Ugw2ZMVra-MJXpw9R1d4AaABAg,IGlra8cuOd8,WarPunkIndustries,UCZLdUHIvhI-AxsHJ2L2Q-vw,"America is nothing. Russia is and always was stronger and have and will always have the best and most dangerous arsenal. America is just full of wind like a chiwawa, all bark to look intimidating but are actually scared shitless","America is nothing. Russia is and always was stronger and have and will always have the best and most dangerous arsenal. America is just full of wind like a chiwawa, all bark to look intimidating but are actually scared shitless",8,"2018-04-16 19:53:21","2018-04-16 19:53:21",15,null
1450,Ugw2ZMVra-MJXpw9R1d4AaABAg.8f6hi1uEwZP8f7sDxMtJQo,IGlra8cuOd8,"Jd Steinbach",UCfZ4yGAw1UHRELobrlSgO-Q,"Even the KGB said Russia was just a facade during the Cold War. They may have weapons but ours are better. Period.","Even the KGB said Russia was just a facade during the Cold War. They may have weapons but ours are better. Period.",0,"2018-04-17 06:44:28","2018-04-17 06:44:28",0,Ugw2ZMVra-MJXpw9R1d4AaABAg
1451,Ugw2ZMVra-MJXpw9R1d4AaABAg.8f6hi1uEwZP8f7netJ3Uv1,IGlra8cuOd8,"Roast your channel",UC_LFqb9lnl6LersotUtj_mA,"WarPunkIndustries I would like to thank you for paying attention to my comment. I don’t mean to be rude nor do I mean harm. I just want peace but at this point in time with the world the way it is we have different views on each other.","WarPunkIndustries I would like to thank you for paying attention to my comment. I don’t mean to be rude nor do I mean harm. I just want peace but at this point in time with the world the way it is we have different views on each other.",0,"2018-04-17 06:04:35","2018-04-17 06:04:35",0,Ugw2ZMVra-MJXpw9R1d4AaABAg
1452,Ugw2ZMVra-MJXpw9R1d4AaABAg.8f6hi1uEwZP8f7TY0dGvKF,IGlra8cuOd8,"Ruben Zuniga",UC-jBriZMUHjHVYzX9UAhiYg,"o Pandaa tru","o Pandaa tru",1,"2018-04-17 03:00:01","2018-04-17 03:00:01",0,Ugw2ZMVra-MJXpw9R1d4AaABAg
1453,Ugw2ZMVra-MJXpw9R1d4AaABAg.8f6hi1uEwZP8f7D8d3gm-F,IGlra8cuOd8,"o Pandaa",UCJui84oIHtL891FCHajz3SA,"WarPunkIndustries well if Russia wasn’t a pussy why didn’t they strike yet? They’re scared shitless! They said they were going to destroy America in 30 mins or less and that shit was like 2 weeks ago. Where ya at.","WarPunkIndustries well if Russia wasn’t a pussy why didn’t they strike yet? They’re scared shitless! They said they were going to destroy America in 30 mins or less and that shit was like 2 weeks ago. Where ya at.",2,"2018-04-17 00:36:44","2018-04-17 00:36:44",0,Ugw2ZMVra-MJXpw9R1d4AaABAg
1454,Ugw2ZMVra-MJXpw9R1d4AaABAg.8f6hi1uEwZP8f78cfWNxi6,IGlra8cuOd8,"Ruben Zuniga",UC-jBriZMUHjHVYzX9UAhiYg,"WarPunkIndustries wheres the proof to that?","WarPunkIndustries wheres the proof to that?",0,"2018-04-16 23:57:17","2018-04-16 23:57:17",0,Ugw2ZMVra-MJXpw9R1d4AaABAg
1455,Ugw7OeCMK_SKrKUO5Nx4AaABAg,IGlra8cuOd8,Name,UCd9TNmbtRY0BL7NyuhTGQeQ,"Russia has nothing. Theyre a weak and scared 3rd world nation","Russia has nothing. Theyre a weak and scared 3rd world nation",12,"2018-04-16 19:52:49","2018-04-16 19:52:49",48,null
1456,Ugw7OeCMK_SKrKUO5Nx4AaABAg.8f6he7a7p3C8fDTJZBpTL7,IGlra8cuOd8,TheSupatrader,UCu9lDAtMAkh6cRJv-S-zatw,"J B Nz like i said before, its a waste of time to talk to stupid shit like you - you are simply incapable of comprehension. ITS CALLED ABBREVIATION, YOU DUMB FUCK, I TOLD YOU THIS BEFORE, WHY CANT YOU GET IT THROUGH YOUR SCULL? honestly though, you demonstrate yet again that you cant hold a constructive conversation. You are like a broken record - lame and boring.","J B Nz like i said before, its a waste of time to talk to stupid shit like you - you are simply incapable of comprehension. ITS CALLED ABBREVIATION, YOU DUMB FUCK, I TOLD YOU THIS BEFORE, WHY CANT YOU GET IT THROUGH YOUR SCULL? honestly though, you demonstrate yet again that you cant hold a constructive conversation. You are like a broken record - lame and boring.",0,"2018-04-19 10:53:29","2018-04-19 10:53:29",0,Ugw7OeCMK_SKrKUO5Nx4AaABAg
1457,Ugw7OeCMK_SKrKUO5Nx4AaABAg.8f6he7a7p3C8fCvYn-rIc-,IGlra8cuOd8,"J B Nz",UCmkx7Y4qDDVcCWpqo-Ti2lA,"LOL is not a word, I see I have struck a nerve of yours. Your grammar is getting better but still needs work, I provide facts and examples and your only course of action is name calling and a bunch of gibberish. You assume a lot and seem to have only one tact.....abuse. When one resorts to abuse it is because they have nothing intelligent to say, so you say your wasting your time but hence you still reply? You are totally correct in stating there were no allies in Leningrad and assume that my Grandfather was an Allie another sad assumption on your part, Im not surprised though as this seems to be a trait of yours. Originally I commented on Names comment of  Russia has nothing. Theyre weak and 3rd world nation ( by the way this is how you use quotes) if you want to highlight a word use bold or italic ,so I did not ask for your help. The Soyuz rocket and spaceship are the best and safest rocket to date. You dont argue this point because its a fact. There is a lot of factors to take into account but its not my job to reference or state sources but maybe for you to seek out further information which is easily obtainable from numerous amounts of places.This would be more productive for yourself rather than just being rude and obnoxious.","LOL is not a word, I see I have struck a nerve of yours. Your grammar is getting better but still needs work, I provide facts and examples and your only course of action is name calling and a bunch of gibberish. You assume a lot and seem to have only one tact.....abuse. When one resorts to abuse it is because they have nothing intelligent to say, so you say your wasting your time but hence you still reply? You are totally correct in stating there were no allies in Leningrad and assume that my Grandfather was an Allie another sad assumption on your part, Im not surprised though as this seems to be a trait of yours. Originally I commented on Names comment of  Russia has nothing. Theyre weak and 3rd world nation ( by the way this is how you use quotes) if you want to highlight a word use bold or italic ,so I did not ask for your help. The Soyuz rocket and spaceship are the best and safest rocket to date. You dont argue this point because its a fact. There is a lot of factors to take into account but its not my job to reference or state sources but maybe for you to seek out further information which is easily obtainable from numerous amounts of places.This would be more productive for yourself rather than just being rude and obnoxious.",0,"2018-04-19 05:49:43","2018-04-19 05:49:43",0,Ugw7OeCMK_SKrKUO5Nx4AaABAg
1458,Ugw7OeCMK_SKrKUO5Nx4AaABAg.8f6he7a7p3C8fBx_I6SwhI,IGlra8cuOd8,TheSupatrader,UCu9lDAtMAkh6cRJv-S-zatw,"J B Nz
You are truly an idiot, which by the way is a medical term, so dont get your pansy ass bent out of shape, its not like I am calling you a dumb fuck, or a fucktard, or dimwit. Since you are an idiot, you dont understand that when you quote something in your posts, you actually have to source it, otherwise its just blabbering and hardly can be taken as an example of any sort. Furthermore, you clearly are a low intelligence person trying to prove to me that a rocket invented by Russians in 1941 is the best thing to this day, and is still in use by Russia because of that. I dont even have to argue that point. Seriously though, I am just wasting my time here. You are a grown ass man, and if you did not become any smarter than you are now on your own, there is no way I can help you at this point. And also, there were no allies in Leningrad in WW2 or anywhere in Russia in WW2, your granddaddy lied to you - sorry not sorry LOL.","J B Nz
You are truly an idiot, which by the way is a medical term, so dont get your pansy ass bent out of shape, its not like I am calling you a dumb fuck, or a fucktard, or dimwit. Since you are an idiot, you dont understand that when you quote something in your posts, you actually have to source it, otherwise its just blabbering and hardly can be taken as an example of any sort. Furthermore, you clearly are a low intelligence person trying to prove to me that a rocket invented by Russians in 1941 is the best thing to this day, and is still in use by Russia because of that. I dont even have to argue that point. Seriously though, I am just wasting my time here. You are a grown ass man, and if you did not become any smarter than you are now on your own, there is no way I can help you at this point. And also, there were no allies in Leningrad in WW2 or anywhere in Russia in WW2, your granddaddy lied to you - sorry not sorry LOL.",0,"2018-04-18 20:48:10","2018-04-18 20:48:10",0,Ugw7OeCMK_SKrKUO5Nx4AaABAg
1459,Ugw7OeCMK_SKrKUO5Nx4AaABAg.8f6he7a7p3C8fBeM_2DTaf,IGlra8cuOd8,"J B Nz",UCmkx7Y4qDDVcCWpqo-Ti2lA,"Ok because you lack the competence to learn... I’ll give you one example.... The Soyuz rocket and space ship... designed in 1941.... in use today as transportation to ISS and returns with astronauts. The safest most reliable rocket ever built. Made in Russia.","Ok because you lack the competence to learn... I’ll give you one example.... The Soyuz rocket and space ship... designed in 1941.... in use today as transportation to ISS and returns with astronauts. The safest most reliable rocket ever built. Made in Russia.",0,"2018-04-18 18:00:16","2018-04-18 18:00:16",0,Ugw7OeCMK_SKrKUO5Nx4AaABAg
1460,Ugw7OeCMK_SKrKUO5Nx4AaABAg.8f6he7a7p3C8fBdVKIlsB5,IGlra8cuOd8,"J B Nz",UCmkx7Y4qDDVcCWpqo-Ti2lA,"TheSupatrader If you call being in WW2 “visiting” then yes correct. If you believe that a country who develops technology in 1940 does not progress with time then you’d be correct again. So with this theory of yours Russia was and did not develop any technology since 1940.....you still have not provided any hard evidence Russia is a 3rd world country.! You still stoop to the lowest level of intelligence by name calling.","TheSupatrader If you call being in WW2 “visiting” then yes correct. If you believe that a country who develops technology in 1940 does not progress with time then you’d be correct again. So with this theory of yours Russia was and did not develop any technology since 1940.....you still have not provided any hard evidence Russia is a 3rd world country.! You still stoop to the lowest level of intelligence by name calling.",0,"2018-04-18 17:52:43","2018-04-18 17:52:43",0,Ugw7OeCMK_SKrKUO5Nx4AaABAg
1461,UgxEHEDFLl7a_fB-VPZ4AaABAg,IGlra8cuOd8,"Thomas Herry",UCGZBTqbcMuhU1VXwReSYvWA,"Just test them on  America and  England. .","Just test them on  America and  England. .",2,"2018-04-16 19:49:41","2018-04-16 19:49:41",0,null
1462,Ugw6SfqLneQroqPtIzN4AaABAg,IGlra8cuOd8,"Johnny On  The Spot",UCibFRuO2LWbCyWbMIFHsBrg,"yeah right ,","yeah right ,",0,"2018-04-16 19:49:33","2018-04-16 19:49:33",0,null
1463,UgzAFOLKjVHZ3zVsuJp4AaABAg,IGlra8cuOd8,"zygmunt zielinski",UCoV0bI91fpoDDEr0yVHNGoQ,"The Cold War never ended.","The Cold War never ended.",6,"2018-04-16 19:40:52","2018-04-16 19:40:52",2,null
1464,UgzAFOLKjVHZ3zVsuJp4AaABAg.8f6gHZg2h7J8f7M39nWkgq,IGlra8cuOd8,"Mira B",UCb2KRCLGkK0EeI1-rQK7Niw,"Nationalist Canuck - but the West never accepted russian way of live , so actually it never ended","Nationalist Canuck - but the West never accepted russian way of live , so actually it never ended",0,"2018-04-17 01:54:38","2018-04-17 01:54:38",0,UgzAFOLKjVHZ3zVsuJp4AaABAg
1465,UgzAFOLKjVHZ3zVsuJp4AaABAg.8f6gHZg2h7J8f6jJ0fBK1K,IGlra8cuOd8,"Nationalist Canuck",UCmN9t5DGA3re9w7o7cV3CVQ,"zygmunt zielinski   the Cold War was between Capitalism and Communism, so yes, it did. ?","zygmunt zielinski   the Cold War was between Capitalism and Communism, so yes, it did. ?",0,"2018-04-16 20:07:16","2018-04-16 20:07:16",0,UgzAFOLKjVHZ3zVsuJp4AaABAg
1466,UgwUAjjgbLmnk8PmhQ94AaABAg,IGlra8cuOd8,"Reginald Hatton",UCDBV9YPSyX80K81up2uJQRQ,"And the warmongers show up thumping their chest,  no more wars.......","And the warmongers show up thumping their chest,  no more wars.......",0,"2018-04-16 19:30:13","2018-04-16 19:30:13",0,null
1467,UgzkVdA88v5gL70hzZh4AaABAg,IGlra8cuOd8,"Whadi Jhel",UChuQiC_bBJTw9It-KvKyXyg,"If Russia have that kind of weapon...why they dont hit back US...your just showing your un detectable weapon but no action...","If Russia have that kind of weapon...why they dont hit back US...your just showing your un detectable weapon but no action...",4,"2018-04-16 19:23:39","2018-04-16 19:23:39",5,null
1468,UgzkVdA88v5gL70hzZh4AaABAg.8f6eJSnQ5tz8f7DHmjPlr4,IGlra8cuOd8,"o Pandaa",UCJui84oIHtL891FCHajz3SA,"THATS MY NIGGA","THATS MY NIGGA",0,"2018-04-17 00:37:59","2018-04-17 00:37:59",0,UgzkVdA88v5gL70hzZh4AaABAg
1469,UgzkVdA88v5gL70hzZh4AaABAg.8f6eJSnQ5tz8f6l_IKytUW,IGlra8cuOd8,"Cheick Bah",UCShPSfjrqx1mf7byMTzGa1w,"USA never hit Russia","USA never hit Russia",1,"2018-04-16 20:27:06","2018-04-16 20:27:06",0,UgzkVdA88v5gL70hzZh4AaABAg
1470,UgzkVdA88v5gL70hzZh4AaABAg.8f6eJSnQ5tz8f6lWaCecJl,IGlra8cuOd8,"Cheick Bah",UCShPSfjrqx1mf7byMTzGa1w,"what u mean by hit back","what u mean by hit back",1,"2018-04-16 20:26:36","2018-04-16 20:26:36",0,UgzkVdA88v5gL70hzZh4AaABAg
1471,UgzkVdA88v5gL70hzZh4AaABAg.8f6eJSnQ5tz8f6jTI0VBpa,IGlra8cuOd8,"Nationalist Canuck",UCmN9t5DGA3re9w7o7cV3CVQ,"Whadi Jhel 
  To what end? WWIII when they are not themselves being attacked? Notice the allies were very, very careful about avoiding the Russians. They were frightened. ?","Whadi Jhel 
  To what end? WWIII when they are not themselves being attacked? Notice the allies were very, very careful about avoiding the Russians. They were frightened. ?",2,"2018-04-16 20:08:40","2018-04-16 20:08:40",0,UgzkVdA88v5gL70hzZh4AaABAg
1472,UgzkVdA88v5gL70hzZh4AaABAg.8f6eJSnQ5tz8f6hPA618Ie,IGlra8cuOd8,"diane mitchell",UCK4JfTqc4_VjVeKYC64yk1Q,"Whadi Jhel maybe they will when you least expect. If I was Putin I would wait when Americans forgot like a month then attack","Whadi Jhel maybe they will when you least expect. If I was Putin I would wait when Americans forgot like a month then attack",2,"2018-04-16 19:50:38","2018-04-16 19:50:38",0,UgzkVdA88v5gL70hzZh4AaABAg
1473,UgzClItfb8ByHkmqBOl4AaABAg,IGlra8cuOd8,"Gil Richardson",UCfl2bboKaxy_l5mb2ZToAJg,"The world going nuts. Sound like competition to me, politicians acting like kids with a new PlayStation 18. My God have missiles thats going to take everything out. No more government. No more pain and suffering prove me wrong???","The world going nuts. Sound like competition to me, politicians acting like kids with a new PlayStation 18. My God have missiles thats going to take everything out. No more government. No more pain and suffering prove me wrong???",6,"2018-04-16 19:22:01","2018-04-16 19:22:01",1,null
1474,UgzClItfb8ByHkmqBOl4AaABAg.8f6e7ZpiP8k8f6iJeRbO1u,IGlra8cuOd8,"Adele Waldron",UCPZTL6E0knuSgqda2h4f4kA,"Gil Richardson  I guess its easier  to blow the world up when u have vip bunkers.
 Good luck to the rest of us.","Gil Richardson  I guess its easier  to blow the world up when u have vip bunkers.
 Good luck to the rest of us.",1,"2018-04-16 19:58:37","2018-04-16 19:58:37",0,UgzClItfb8ByHkmqBOl4AaABAg
1475,UgznCwI2K6zPzCdsz3x4AaABAg,IGlra8cuOd8,"Sherwin Suerte",UCLLjyQVZbETjpIud3ui0EeQ,"Peace be with you.","Peace be with you.",0,"2018-04-16 19:20:19","2018-04-16 19:20:19",0,null
1476,Ugz5ZLuysQdaxK8vcgR4AaABAg,IGlra8cuOd8,"tree frog",UCpYjjwu7yYktMRf9u-VwgZQ,"russia will never attack usa on their own, theyre nowhere as stupid as the people who made this video.","russia will never attack usa on their own, theyre nowhere as stupid as the people who made this video.",55,"2018-04-16 19:18:01","2018-04-16 19:18:01",23,null
1477,Ugz5ZLuysQdaxK8vcgR4AaABAg.8f6dfGQEQnk8f8t839QXEL,IGlra8cuOd8,Doctorcreepy14,UCBBQk-ZMdHGNwTQc3qhDPsA,"Руслан no they had help from other forces. Also even if they didnt have help they are easily able to destroy iraq quite easily","Руслан no they had help from other forces. Also even if they didnt have help they are easily able to destroy iraq quite easily",0,"2018-04-17 16:11:38","2018-04-17 16:11:38",0,Ugz5ZLuysQdaxK8vcgR4AaABAg
1478,Ugz5ZLuysQdaxK8vcgR4AaABAg.8f6dfGQEQnk8f8sP0bic6C,IGlra8cuOd8,Руслан,UCMoWXAaKPl0th4sN7cDcyJw,"Just like the us didn’t attack Iraq on their own.... hmmm","Just like the us didn’t attack Iraq on their own.... hmmm",0,"2018-04-17 16:05:13","2018-04-17 16:05:13",0,Ugz5ZLuysQdaxK8vcgR4AaABAg
1479,Ugz5ZLuysQdaxK8vcgR4AaABAg.8f6dfGQEQnk8f7laPV8_bm,IGlra8cuOd8,"Truth Seeker",UCYoPhaJBLOdSJXBUj1BqK4A,"tree frog you are a fake account LoL ?","tree frog you are a fake account LoL ?",0,"2018-04-17 05:46:30","2018-04-17 05:47:13",0,Ugz5ZLuysQdaxK8vcgR4AaABAg
1480,Ugz5ZLuysQdaxK8vcgR4AaABAg.8f6dfGQEQnk8f7kR7na_C5,IGlra8cuOd8,Doctorcreepy14,UCBBQk-ZMdHGNwTQc3qhDPsA,"MAVERICK 42 basically the whole of europe, north america Oceania against  aisa africa and south america. There is exceptions of course","MAVERICK 42 basically the whole of europe, north america Oceania against  aisa africa and south america. There is exceptions of course",0,"2018-04-17 05:36:21","2018-04-17 05:36:21",0,Ugz5ZLuysQdaxK8vcgR4AaABAg
1481,Ugz5ZLuysQdaxK8vcgR4AaABAg.8f6dfGQEQnk8f7k4xR7EAt,IGlra8cuOd8,Doctorcreepy14,UCBBQk-ZMdHGNwTQc3qhDPsA,"MAVERICK 42 actually the usa epuld have the rest og nato and russia would have brics and some other allies like syria and north korea. A war between the usa and russia would basically cause ww3. Its basically 1 huge country and 60 small military countries vs 5 big military countries and 1 small one. Brics stands for russia, china (together they could rival the us) then brazil and india which have decent militaries and then south africa","MAVERICK 42 actually the usa epuld have the rest og nato and russia would have brics and some other allies like syria and north korea. A war between the usa and russia would basically cause ww3. Its basically 1 huge country and 60 small military countries vs 5 big military countries and 1 small one. Brics stands for russia, china (together they could rival the us) then brazil and india which have decent militaries and then south africa",0,"2018-04-17 05:33:20","2018-04-17 05:33:20",0,Ugz5ZLuysQdaxK8vcgR4AaABAg
1482,UgxbtbTsRxGkPDBHhP54AaABAg,IGlra8cuOd8,"Adyga Kabarday",UCrOd85IaEqnpIMjcAd6mmwg,"The US has Trumps butt & his super weapon: Stormy Daniels.","The US has Trumps butt & his super weapon: Stormy Daniels.",1,"2018-04-16 19:18:01","2018-04-16 19:18:01",0,null
1483,UgzeK5Z2xGvdH7ynpwR4AaABAg,IGlra8cuOd8,"Stephen Lea",UCaUJtmT4eg75NJSeOjWebJA,"The S28 Sarmat SATAN 2 ICBM missile is the most powerful weapon ever made in the history of mankind part of Putins new arsenal and is the best reason to be afraid of the Russians","The S28 Sarmat SATAN 2 ICBM missile is the most powerful weapon ever made in the history of mankind part of Putins new arsenal and is the best reason to be afraid of the Russians",17,"2018-04-16 19:13:44","2018-04-16 19:13:44",21,null
1484,UgzeK5Z2xGvdH7ynpwR4AaABAg.8f6dArtM2ME8f9w1jR32wx,IGlra8cuOd8,"j rupero",UCK0jyNzL1WVUDfryt3362rg,"Steven Lea...Ill have you know how weak the US brand new, nice and smart missiles were....The Syrian Government successfully shot down 71 Tomahawk missiles out of 103. Do you know what Syrias missile defense system was? It was the S125 and S200 40 year old Russian missile defense system. LOL.","Steven Lea...Ill have you know how weak the US brand new, nice and smart missiles were....The Syrian Government successfully shot down 71 Tomahawk missiles out of 103. Do you know what Syrias missile defense system was? It was the S125 and S200 40 year old Russian missile defense system. LOL.",0,"2018-04-18 01:56:14","2018-04-18 01:56:14",0,UgzeK5Z2xGvdH7ynpwR4AaABAg
1485,UgzeK5Z2xGvdH7ynpwR4AaABAg.8f6dArtM2ME8f9-MX3Awts,IGlra8cuOd8,"Craig Nicholls",UCj8W5byiK7I9ue6BBzAZPgA,"Stephen Lea Pluto your having a laugh right","Stephen Lea Pluto your having a laugh right",0,"2018-04-17 17:14:46","2018-04-17 17:14:46",0,UgzeK5Z2xGvdH7ynpwR4AaABAg
1486,UgzeK5Z2xGvdH7ynpwR4AaABAg.8f6dArtM2ME8f8W4Bfmk4t,IGlra8cuOd8,"slick willy",UCr7JatrR81CUpjdadRGxL_Q,"thats silly. warfare was once hand to hand. the further you are from harm while inflicting harm is modern warfare. America hasnt had a war since ww2. btw theres million of American graves. I cant make you any smarter but maybe I could show you how to have respect.","thats silly. warfare was once hand to hand. the further you are from harm while inflicting harm is modern warfare. America hasnt had a war since ww2. btw theres million of American graves. I cant make you any smarter but maybe I could show you how to have respect.",0,"2018-04-17 12:41:24","2018-04-17 12:41:24",0,UgzeK5Z2xGvdH7ynpwR4AaABAg
1487,UgzeK5Z2xGvdH7ynpwR4AaABAg.8f6dArtM2ME8f8UpRU2IBg,IGlra8cuOd8,"slick willy",UCr7JatrR81CUpjdadRGxL_Q,"no it wouldnt. just a few. both sides have way too many nukes. radiation will take care of the rest.","no it wouldnt. just a few. both sides have way too many nukes. radiation will take care of the rest.",0,"2018-04-17 12:30:30","2018-04-17 12:30:30",0,UgzeK5Z2xGvdH7ynpwR4AaABAg
1488,UgzeK5Z2xGvdH7ynpwR4AaABAg.8f6dArtM2ME8f71GYobyHP,IGlra8cuOd8,"Leonard Gheorghe",UCw02KjylonzYRTddBhY-16A,"Stephen Lea And your name is, of course, Stephen Lea. Another american original from some Russian village. Spread up, boys!","Stephen Lea And your name is, of course, Stephen Lea. Another american original from some Russian village. Spread up, boys!",0,"2018-04-16 22:52:57","2018-04-16 22:52:57",0,UgzeK5Z2xGvdH7ynpwR4AaABAg
1489,Ugw1VeMZofEKJfa-KHh4AaABAg,IGlra8cuOd8,Randy,UCkn5DYG6CmczUbZ1cxYTijg,"Fake news","Fake news",17,"2018-04-16 19:07:29","2018-04-16 19:07:29",0,null
1490,Ugz7c7HssQxPJ2BdGO14AaABAg,IGlra8cuOd8,"Space Central",UCl3mgmQgGAMPj3cbv5Ln7Ig,First,First,0,"2018-04-16 19:06:16","2018-04-16 19:06:16",0,null
17550,UgwK70o01hHpTMLNt1h4AaABAg,IGlra8cuOd8,"Karmesh Doorga",UCn9nOC16boUOs2GUZsDwEaA,"One SIMPLE question to the so called ALMIGHTY Russia ... Why Oh Why disclose your secret on You Tube where the entire world will learn about your SECRET weapon. Come on put your brain into gear before opening your mouth!","One SIMPLE question to the so called ALMIGHTY Russia ... Why Oh Why disclose your secret on You Tube where the entire world will learn about your SECRET weapon. Come on put your brain into gear before opening your mouth!",0,"2018-04-22 22:02:12","2018-04-22 22:02:12",0,null
